10000,Adams,X,Adams County Recorder,4,35.00,NULL,NULL,NULL,NULL,1.00,4,35.00,NULL,NULL,NULL,NULL,1.00,4,35.00,NULL,NULL,NULL,NULL,1.00,NULL,NULL,NULL,NULL,NULL,NULL,NULL,500,NULL,NULL,0.25000,S,U,NULL,NULL,NULL,NULL,NULL,NULL,NULL,X,Mortgage            ,Deed                ,NULL,NULL,NULL,NULL,NULL,NULL,NULL,NULL,NULL,NULL,NULL,NULL
11000,Alexander,X,Alexander County Recorder,4,35.00,NULL,NULL,NULL,NULL,1.00,4,35.00,NULL,NULL,NULL,NULL,1.00,4,35.00,NULL,NULL,NULL,NULL,1.00,NULL,NULL,NULL,NULL,NULL,NULL,NULL,500,NULL,NULL,0.25000,S,U,NULL,NULL,NULL,NULL,NULL,NULL,NULL,X,Mortgage            ,Deed                ,NULL,NULL,NULL,NULL,NULL,NULL,NULL,NULL,NULL,NULL,NULL,NULL
12000,Bond,X,Bond County Recorder,4,55.00,NULL,NULL,NULL,NULL,1.00,4,55.00,NULL,NULL,NULL,NULL,1.00,4,55.00,NULL,NULL,NULL,NULL,1.00,NULL,NULL,NULL,NULL,NULL,NULL,NULL,500,NULL,NULL,0.25000,S,U,NULL,NULL,NULL,NULL,NULL,NULL,NULL,X,Mortgage            ,Deed                ,NULL,NULL,NULL,NULL,NULL,NULL,NULL,NULL,NULL,NULL,NULL,NULL
13000,Boone,X,Boone County Recorder,4,45.00,NULL,NULL,NULL,NULL,1.00,4,45.00,NULL,NULL,NULL,NULL,1.00,4,45.00,NULL,NULL,NULL,NULL,1.00,NULL,NULL,NULL,NULL,NULL,NULL,NULL,500,NULL,NULL,0.25000,S,U,NULL,NULL,NULL,NULL,NULL,NULL,NULL,X,Mortgage            ,Deed                ,NULL,NULL,NULL,NULL,NULL,NULL,NULL,NULL,NULL,NULL,NULL,NULL
14000,Brown,X,Brown County Recorder,4,40.00,NULL,NULL,NULL,NULL,1.00,4,40.00,NULL,NULL,NULL,NULL,1.00,4,40.00,NULL,NULL,NULL,NULL,1.00,NULL,NULL,NULL,NULL,NULL,NULL,NULL,500,NULL,NULL,0.25000,S,U,NULL,NULL,NULL,NULL,NULL,NULL,NULL,X,Mortgage            ,Deed                ,NULL,NULL,NULL,NULL,NULL,NULL,NULL,NULL,NULL,NULL,NULL,NULL
15000,Bureau,X,Bureau County Recorder,4,47.00,NULL,NULL,NULL,NULL,1.00,4,47.00,NULL,NULL,NULL,NULL,1.00,4,47.00,NULL,NULL,NULL,NULL,1.00,NULL,NULL,NULL,NULL,NULL,NULL,NULL,500,NULL,NULL,0.25000,S,U,NULL,NULL,NULL,NULL,NULL,NULL,NULL,X,Mortgage            ,Deed                ,NULL,NULL,NULL,NULL,NULL,NULL,NULL,NULL,NULL,NULL,NULL,NULL
16000,Calhoun,X,Calhoun County Recorder,4,35.00,NULL,NULL,NULL,NULL,1.00,4,35.00,NULL,NULL,NULL,NULL,1.00,4,35.00,NULL,NULL,NULL,NULL,1.00,NULL,NULL,NULL,NULL,NULL,NULL,NULL,500,NULL,NULL,0.25000,S,U,NULL,NULL,NULL,NULL,NULL,NULL,NULL,X,Mortgage            ,Deed                ,NULL,NULL,NULL,NULL,NULL,NULL,NULL,NULL,NULL,NULL,NULL,NULL
17000,Carroll,X,Carroll County Recorder,4,50.00,NULL,NULL,NULL,NULL,1.00,4,50.00,NULL,NULL,NULL,NULL,1.00,4,50.00,NULL,NULL,NULL,NULL,1.00,NULL,NULL,NULL,NULL,NULL,NULL,NULL,500,NULL,NULL,0.25000,S,U,NULL,NULL,NULL,NULL,NULL,NULL,NULL,X,Mortgage            ,Deed                ,NULL,NULL,NULL,NULL,NULL,NULL,NULL,NULL,NULL,NULL,NULL,NULL
18000,Cass,X,Cass County Recorder,4,50.00,NULL,NULL,NULL,NULL,1.00,4,50.00,NULL,NULL,NULL,NULL,1.00,4,50.00,NULL,NULL,NULL,NULL,1.00,NULL,NULL,NULL,NULL,NULL,NULL,NULL,500,NULL,NULL,0.25000,S,U,NULL,NULL,NULL,NULL,NULL,NULL,NULL,X,Mortgage            ,Deed                ,NULL,NULL,NULL,NULL,NULL,NULL,NULL,NULL,NULL,NULL,NULL,NULL
19000,Champaign,X,Champaign County Recorder,4,35.00,NULL,NULL,NULL,NULL,1.00,4,35.00,NULL,NULL,NULL,NULL,1.00,4,35.00,NULL,NULL,NULL,NULL,1.00,NULL,NULL,NULL,NULL,NULL,NULL,NULL,500,NULL,NULL,0.25000,S,U,NULL,NULL,NULL,NULL,NULL,NULL,NULL,X,Mortgage            ,Deed                ,NULL,NULL,NULL,NULL,NULL,NULL,NULL,NULL,NULL,NULL,NULL,NULL
20000,Christian,X,Christian County Recorder,4,60.00,NULL,NULL,NULL,NULL,1.00,4,60.00,NULL,NULL,NULL,NULL,1.00,4,60.00,NULL,NULL,NULL,NULL,1.00,NULL,NULL,NULL,NULL,NULL,NULL,NULL,500,NULL,NULL,0.25000,S,U,NULL,NULL,NULL,NULL,NULL,NULL,NULL,X,Mortgage            ,Deed                ,NULL,NULL,NULL,NULL,NULL,NULL,NULL,NULL,NULL,NULL,NULL,NULL
21000,Clark,X,Clark County Recorder,4,40.00,NULL,NULL,NULL,NULL,1.00,4,40.00,NULL,NULL,NULL,NULL,1.00,4,40.00,NULL,NULL,NULL,NULL,1.00,NULL,NULL,NULL,NULL,NULL,NULL,NULL,500,NULL,NULL,0.25000,S,U,NULL,NULL,NULL,NULL,NULL,NULL,NULL,X,Mortgage            ,Deed                ,NULL,NULL,NULL,NULL,NULL,NULL,NULL,NULL,NULL,NULL,NULL,NULL
22000,Clay,X,Clay County Recorder,4,48.00,NULL,NULL,NULL,NULL,1.00,4,48.00,NULL,NULL,NULL,NULL,1.00,4,48.00,NULL,NULL,NULL,NULL,1.00,NULL,NULL,NULL,NULL,NULL,NULL,NULL,500,NULL,NULL,0.25000,S,U,NULL,NULL,NULL,NULL,NULL,NULL,NULL,X,Mortgage            ,Deed                ,NULL,NULL,NULL,NULL,NULL,NULL,NULL,NULL,NULL,NULL,NULL,NULL
23000,Clinton,X,Clinton County Recorder,4,37.00,NULL,NULL,NULL,NULL,1.00,4,37.00,NULL,NULL,NULL,NULL,1.00,4,37.00,NULL,NULL,NULL,NULL,1.00,NULL,NULL,NULL,NULL,NULL,NULL,NULL,500,NULL,NULL,0.25000,S,U,NULL,NULL,NULL,NULL,NULL,NULL,NULL,X,Mortgage            ,Deed                ,NULL,NULL,NULL,NULL,NULL,NULL,NULL,NULL,NULL,NULL,NULL,NULL
24000,Coles,X,Coles County Recorder,4,44.00,NULL,NULL,NULL,NULL,1.00,4,44.00,NULL,NULL,NULL,NULL,1.00,4,44.00,NULL,NULL,NULL,NULL,1.00,NULL,NULL,NULL,NULL,NULL,NULL,NULL,500,NULL,NULL,0.25000,S,U,NULL,NULL,NULL,NULL,NULL,NULL,NULL,X,Mortgage            ,Deed                ,NULL,NULL,NULL,NULL,NULL,NULL,NULL,NULL,NULL,NULL,NULL,NULL
24500,Cook,X,Cook County Recorder,2,48.50,NULL,NULL,NULL,NULL,2.00,2,48.50,NULL,NULL,NULL,NULL,2.00,2,48.50,NULL,NULL,NULL,NULL,2.00,NULL,NULL,NULL,NULL,NULL,NULL,NULL,500,NULL,NULL,0.25000,S,U,NULL,NULL,NULL,NULL,NULL,NULL,NULL,X,Mortgage            ,Deed                ,NULL,NULL,NULL,NULL,NULL,NULL,NULL,NULL,G  ,100,NULL,NULL
25000,Cook,X,Cook County Recorder,2,48.50,NULL,NULL,NULL,NULL,2.00,2,48.50,NULL,NULL,NULL,NULL,2.00,2,48.50,NULL,NULL,NULL,NULL,2.00,NULL,NULL,NULL,NULL,NULL,NULL,NULL,500,NULL,NULL,0.25000,S,U,NULL,NULL,NULL,NULL,NULL,NULL,Alsip               ,X,Mortgage            ,Deed                ,City of {{TWNCTYOF}} Stamps   ,           ,           ,1000 ,100.00 ,3.500000  ,S,U,G  ,100,NULL,NULL
26000,Cook,X,Cook County Recorder,2,48.50,NULL,NULL,NULL,NULL,2.00,2,48.50,NULL,NULL,NULL,NULL,2.00,2,48.50,NULL,NULL,NULL,NULL,2.00,NULL,NULL,NULL,NULL,NULL,NULL,NULL,500,NULL,NULL,0.25000,S,U,NULL,NULL,NULL,NULL,NULL,NULL,Bartlet             ,X,Mortgage            ,Deed                ,City of {{TWNCTYOF}} Stamps   ,NULL,NULL,1000 ,100.00 ,3.500000  ,S,U,G  ,100,NULL,NULL
27000,Cook,X,Cook County Recorder,2,48.50,NULL,NULL,NULL,NULL,2.00,2,48.50,NULL,NULL,NULL,NULL,2.00,2,48.50,NULL,NULL,NULL,NULL,2.00,NULL,NULL,NULL,NULL,NULL,NULL,NULL,500,NULL,NULL,0.25000,S,U,NULL,NULL,NULL,NULL,NULL,NULL,Bedford Park        ,X,Mortgage            ,Deed                ,City of {{TWNCTYOF}} Stamps   ,           ,50.00      ,     ,       ,          , , ,G  ,100,NULL,NULL
28000,Cook,X,Cook County Recorder,2,48.50,NULL,NULL,NULL,NULL,2.00,2,48.50,NULL,NULL,NULL,NULL,2.00,2,48.50,NULL,NULL,NULL,NULL,2.00,NULL,NULL,NULL,NULL,NULL,NULL,NULL,500,NULL,NULL,0.25000,S,U,NULL,NULL,NULL,NULL,NULL,NULL,Bellwood            ,X,Mortgage            ,Deed                ,City of {{TWNCTYOF}} Stamps   ,           ,           ,1000 ,       ,5.000000  ,S,U,G  ,100,NULL,NULL
29000,Cook,X,Cook County Recorder,2,48.50,NULL,NULL,NULL,NULL,2.00,2,48.50,NULL,NULL,NULL,NULL,2.00,2,48.50,NULL,NULL,NULL,NULL,2.00,NULL,NULL,NULL,NULL,NULL,NULL,NULL,500,NULL,NULL,0.25000,S,U,NULL,NULL,NULL,NULL,NULL,NULL,Berkley             ,X,Mortgage            ,Deed                ,City of {{TWNCTYOF}} Stamps   ,NULL,NULL,1000 ,NULL,3.750000  ,S,U,G  ,100,NULL,NULL
30000,Cook,X,Cook County Recorder,2,48.50,NULL,NULL,NULL,NULL,2.00,2,48.50,NULL,NULL,NULL,NULL,2.00,2,48.50,NULL,NULL,NULL,NULL,2.00,NULL,NULL,NULL,NULL,NULL,NULL,NULL,500,NULL,NULL,0.25000,S,U,NULL,NULL,NULL,NULL,NULL,NULL,Berwyn              ,X,Mortgage            ,Deed                ,City of {{TWNCTYOF}} Stamps   ,           ,           ,1000 ,       ,10.000000 ,S,U,G  ,100,NULL,NULL
31000,Cook,X,Cook County Recorder,2,48.50,NULL,NULL,NULL,NULL,2.00,2,48.50,NULL,NULL,NULL,NULL,2.00,2,48.50,NULL,NULL,NULL,NULL,2.00,NULL,NULL,NULL,NULL,NULL,NULL,NULL,500,NULL,NULL,0.25000,S,U,NULL,NULL,NULL,NULL,NULL,NULL,Buffalo Grove       ,X,Mortgage            ,Deed                ,City of {{TWNCTYOF}} Stamps   ,           ,           ,1000 ,       ,3.000000  ,S,U,G  ,100,NULL,NULL
32000,Cook,X,Cook County Recorder,2,48.50,NULL,NULL,NULL,NULL,2.00,2,48.50,NULL,NULL,NULL,NULL,2.00,2,48.50,NULL,NULL,NULL,NULL,2.00,NULL,NULL,NULL,NULL,NULL,NULL,NULL,500,NULL,NULL,0.25000,S,U,NULL,NULL,NULL,NULL,NULL,NULL,Burbank             ,X,Mortgage            ,Deed                ,City of {{TWNCTYOF}} Stamps   ,           ,           ,1000 ,       ,5.000000  ,S,U,G  ,100,NULL,NULL
33000,Cook,X,Cook County Recorder,2,48.50,NULL,NULL,NULL,NULL,2.00,2,48.50,NULL,NULL,NULL,NULL,2.00,2,48.50,NULL,NULL,NULL,NULL,2.00,NULL,NULL,NULL,NULL,NULL,NULL,NULL,500,NULL,NULL,0.25000,S,U,NULL,NULL,NULL,NULL,NULL,NULL,Burnham             ,X,Mortgage            ,Deed                ,City of {{TWNCTYOF}} Stamps   ,           ,           ,1000 ,       ,5.000000  ,S,U,G  ,   ,NULL,NULL
34000,Cook,X,Cook County Recorder,2,48.50,NULL,NULL,NULL,NULL,2.00,2,48.50,NULL,NULL,NULL,NULL,2.00,2,48.50,NULL,NULL,NULL,NULL,2.00,NULL,NULL,NULL,NULL,NULL,NULL,NULL,500,NULL,NULL,0.25000,S,U,NULL,NULL,NULL,NULL,NULL,NULL,Calumet City        ,X,Mortgage            ,Deed                ,City of {{TWNCTYOF}} Stamps   ,NULL,NULL,1000 ,NULL,3.750000  ,S,U,G  ,100,NULL,NULL
35000,Cook,X,Cook County Recorder,2,48.50,NULL,NULL,NULL,NULL,2.00,2,48.50,NULL,NULL,NULL,NULL,2.00,2,48.50,NULL,NULL,NULL,NULL,2.00,NULL,NULL,NULL,NULL,NULL,NULL,NULL,500,NULL,NULL,0.25000,S,U,NULL,NULL,NULL,NULL,NULL,NULL,Calumet Park        ,X,Mortgage            ,Deed                ,City of {{TWNCTYOF}} Stamps   ,           ,           ,1000 ,       ,5.000000  ,S,U,G  ,   ,NULL,NULL
36000,Cook,X,Cook County Recorder,2,48.50,NULL,NULL,NULL,NULL,2.00,2,48.50,NULL,NULL,NULL,NULL,2.00,2,48.50,NULL,NULL,NULL,NULL,2.00,NULL,NULL,NULL,NULL,NULL,NULL,NULL,500,NULL,NULL,0.250000,S,U,NULL,NULL,NULL,NULL,NULL,NULL,Chicago             ,X,Mortgage            ,Deed                ,City of Chicago Stamps        ,NULL,NULL,500  ,NULL,5.250000  ,S,U,G  ,0  ,${{SALEPRIC/500*1.50}},PRESS F9            
37000,Cook,X,Cook County Recorder,2,48.50,NULL,NULL,NULL,NULL,2.00,2,48.50,NULL,NULL,NULL,NULL,2.00,2,48.50,NULL,NULL,NULL,NULL,2.00,NULL,NULL,NULL,NULL,NULL,NULL,NULL,500,NULL,NULL,0.25000,S,U,NULL,NULL,NULL,NULL,NULL,NULL,Chicago Heights     ,X,Mortgage            ,Deed                ,City of {{TWNCTYOF}} Stamps   ,           ,           ,1000 ,       ,4.000000  ,S,U,G  ,100,NULL,NULL
38000,Cook,X,Cook County Recorder,2,48.50,NULL,NULL,NULL,NULL,2.00,2,48.50,NULL,NULL,NULL,NULL,2.00,2,48.50,NULL,NULL,NULL,NULL,2.00,NULL,NULL,NULL,NULL,NULL,NULL,NULL,500,NULL,NULL,0.25000,S,U,NULL,NULL,NULL,NULL,NULL,NULL,Cicero              ,X,Mortgage            ,Deed                ,City of {{TWNCTYOF}} Stamps   ,           ,           ,1000 ,       ,10.000000 ,S,U,G  ,100,NULL,NULL
39000,Cook,X,Cook County Recorder,2,48.50,NULL,NULL,NULL,NULL,2.00,2,48.50,NULL,NULL,NULL,NULL,2.00,2,48.50,NULL,NULL,NULL,NULL,2.00,NULL,NULL,NULL,NULL,NULL,NULL,NULL,500,NULL,NULL,0.25000,S,U,NULL,NULL,NULL,NULL,NULL,NULL,Country Club Hills  ,X,Mortgage            ,Deed                ,City of {{TWNCTYOF}} Stamps   ,           ,           ,1000 ,50.00  ,5.000000  ,S,U,G  ,100,NULL,NULL
40000,Cook,X,Cook County Recorder,2,48.50,NULL,NULL,NULL,NULL,2.00,2,48.50,NULL,NULL,NULL,NULL,2.00,2,48.50,NULL,NULL,NULL,NULL,2.00,NULL,NULL,NULL,NULL,NULL,NULL,NULL,500,NULL,NULL,0.25000,S,U,NULL,NULL,NULL,NULL,NULL,NULL,Countryside         ,X,Mortgage            ,Deed                ,City of {{TWNCTYOF}} Stamps   ,50.00      ,           ,     ,       ,          , , ,G  ,   ,NULL,NULL
41000,Cook,X,Cook County Recorder,2,48.50,NULL,NULL,NULL,NULL,2.00,2,48.50,NULL,NULL,NULL,NULL,2.00,2,48.50,NULL,NULL,NULL,NULL,2.00,NULL,NULL,NULL,NULL,NULL,NULL,NULL,500,NULL,NULL,0.25000,S,U,NULL,NULL,NULL,NULL,NULL,NULL,Des Plaines         ,X,Mortgage            ,Deed                ,City of {{TWNCTYOF}} Stamps   ,           ,           ,1000 ,       ,2.000000  ,S,U,G  ,100,NULL,NULL
42000,Cook,X,Cook County Recorder,2,48.50,NULL,NULL,NULL,NULL,2.00,2,48.50,NULL,NULL,NULL,NULL,2.00,2,48.50,NULL,NULL,NULL,NULL,2.00,NULL,NULL,NULL,NULL,NULL,NULL,NULL,500,NULL,NULL,0.25000,S,U,NULL,NULL,NULL,NULL,NULL,NULL,Dolton              ,X,Mortgage            ,Deed                ,City of {{TWNCTYOF}} Stamps   ,           ,10.00      ,     ,       ,          , , ,G  ,100,NULL,NULL
43000,Cook,X,Cook County Recorder,2,48.50,NULL,NULL,NULL,NULL,2.00,2,48.50,NULL,NULL,NULL,NULL,2.00,2,48.50,NULL,NULL,NULL,NULL,2.00,NULL,NULL,NULL,NULL,NULL,NULL,NULL,500,NULL,NULL,0.25000,S,U,NULL,NULL,NULL,NULL,NULL,NULL,East Hazel Crest    ,X,Mortgage            ,Deed                ,City of {{TWNCTYOF}} Stamps   ,25.00      ,           ,     ,       ,          , , ,G  ,   ,NULL,NULL
44000,Cook,X,Cook County Recorder,2,48.50,NULL,NULL,NULL,NULL,2.00,2,48.50,NULL,NULL,NULL,NULL,2.00,2,48.50,NULL,NULL,NULL,NULL,2.00,NULL,NULL,NULL,NULL,NULL,NULL,NULL,500,NULL,NULL,0.25000,S,U,NULL,NULL,NULL,NULL,NULL,NULL,Elk Grove Villiage  ,X,Mortgage            ,Deed                ,City of {{TWNCTYOF}} Stamps   ,           ,           ,1000 ,       ,3.000000  ,S,U,G  ,100,NULL,NULL
45000,Cook,X,Cook County Recorder,2,48.50,NULL,NULL,NULL,NULL,2.00,2,48.50,NULL,NULL,NULL,NULL,2.00,2,48.50,NULL,NULL,NULL,NULL,2.00,NULL,NULL,NULL,NULL,NULL,NULL,NULL,500,NULL,NULL,0.25000,S,U,NULL,NULL,NULL,NULL,NULL,NULL,Elmhurst            ,X,Mortgage            ,Deed                ,City of {{TWNCTYOF}} Stamps   ,           ,           ,1000 ,       ,1.500000  ,S,U,G  ,100,NULL,NULL
46000,Cook,X,Cook County Recorder,2,48.50,NULL,NULL,NULL,NULL,2.00,2,48.50,NULL,NULL,NULL,NULL,2.00,2,48.50,NULL,NULL,NULL,NULL,2.00,NULL,NULL,NULL,NULL,NULL,NULL,NULL,500,NULL,NULL,0.25000,S,U,NULL,NULL,NULL,NULL,NULL,NULL,Elmwood Park        ,X,Mortgage            ,Deed                ,City of {{TWNCTYOF}} Stamps   ,           ,           ,1000 ,       ,5.000000  ,S,U,G  ,100,NULL,NULL
47000,Cook,X,Cook County Recorder,2,48.50,NULL,NULL,NULL,NULL,2.00,2,48.50,NULL,NULL,NULL,NULL,2.00,2,48.50,NULL,NULL,NULL,NULL,2.00,NULL,NULL,NULL,NULL,NULL,NULL,NULL,500,NULL,NULL,0.25000,S,U,NULL,NULL,NULL,NULL,NULL,NULL,Evanston            ,X,Mortgage            ,Deed                ,City of {{TWNCTYOF}} Stamps   ,           ,           ,1000 ,       ,5.000000  ,S,U,G  ,100,NULL,NULL
48000,Cook,X,Cook County Recorder,2,48.50,NULL,NULL,NULL,NULL,2.00,2,48.50,NULL,NULL,NULL,NULL,2.00,2,48.50,NULL,NULL,NULL,NULL,2.00,NULL,NULL,NULL,NULL,NULL,NULL,NULL,500,NULL,NULL,0.25000,S,U,NULL,NULL,NULL,NULL,NULL,NULL,Evergreen Park      ,X,Mortgage            ,Deed                ,City of {{TWNCTYOF}} Stamps   ,           ,           ,1000 ,100.00 ,5.000000  ,S,U,G  ,100,NULL,NULL
49000,Cook,X,Cook County Recorder,2,48.50,NULL,NULL,NULL,NULL,2.00,2,48.50,NULL,NULL,NULL,NULL,2.00,2,48.50,NULL,NULL,NULL,NULL,2.00,NULL,NULL,NULL,NULL,NULL,NULL,NULL,500,NULL,NULL,0.25000,S,U,NULL,NULL,NULL,NULL,NULL,NULL,Franklin Park       ,X,Mortgage            ,Deed                ,City of {{TWNCTYOF}} Stamps   ,NULL,NULL,1000 ,NULL,3.750000  ,S,U,G  ,100,NULL,NULL
50000,Cook,X,Cook County Recorder,2,48.50,NULL,NULL,NULL,NULL,2.00,2,48.50,NULL,NULL,NULL,NULL,2.00,2,48.50,NULL,NULL,NULL,NULL,2.00,NULL,NULL,NULL,NULL,NULL,NULL,NULL,500,NULL,NULL,0.25000,S,U,NULL,NULL,NULL,NULL,NULL,NULL,Glenwood            ,X,Mortgage            ,Deed                ,City of {{TWNCTYOF}} Stamps   ,           ,           ,1000 ,       ,5.000000  ,S,U,G  ,100,NULL,NULL
51000,Cook,X,Cook County Recorder,2,48.50,NULL,NULL,NULL,NULL,2.00,2,48.50,NULL,NULL,NULL,NULL,2.00,2,48.50,NULL,NULL,NULL,NULL,2.00,NULL,NULL,NULL,NULL,NULL,NULL,NULL,500,NULL,NULL,0.25000,S,U,NULL,NULL,NULL,NULL,NULL,NULL,Hanover Park        ,X,Mortgage            ,Deed                ,City of {{TWNCTYOF}} Stamps   ,           ,           ,500  ,       ,1.500000  ,S,U,G  ,100,NULL,NULL
52000,Cook,X,Cook County Recorder,2,48.50,NULL,NULL,NULL,NULL,2.00,2,48.50,NULL,NULL,NULL,NULL,2.00,2,48.50,NULL,NULL,NULL,NULL,2.00,NULL,NULL,NULL,NULL,NULL,NULL,NULL,500,NULL,NULL,0.25000,S,U,NULL,NULL,NULL,NULL,NULL,NULL,Harvey              ,X,Mortgage            ,Deed                ,City of {{TWNCTYOF}} Stamps   ,NULL,NULL,1000 ,NULL,3.750000  ,S,U,G  ,100,NULL,NULL
53000,Cook,X,Cook County Recorder,2,48.50,NULL,NULL,NULL,NULL,2.00,2,48.50,NULL,NULL,NULL,NULL,2.00,2,48.50,NULL,NULL,NULL,NULL,2.00,NULL,NULL,NULL,NULL,NULL,NULL,NULL,500,NULL,NULL,0.25000,S,U,NULL,NULL,NULL,NULL,NULL,NULL,Harwood Heights     ,X,Mortgage            ,Deed                ,City of {{TWNCTYOF}} Stamps   ,           ,           ,1000 ,       ,10.000000 ,S,U,G  ,   ,NULL,NULL
54000,Cook,X,Cook County Recorder,2,48.50,NULL,NULL,NULL,NULL,2.00,2,48.50,NULL,NULL,NULL,NULL,2.00,2,48.50,NULL,NULL,NULL,NULL,2.00,NULL,NULL,NULL,NULL,NULL,NULL,NULL,500,NULL,NULL,0.25000,S,U,NULL,NULL,NULL,NULL,NULL,NULL,Hillside            ,X,Mortgage            ,Deed                ,City of {{TWNCTYOF}} Stamps   ,           ,           ,500  ,       ,3.750000  ,S,U,G  ,   ,NULL,NULL
55000,Cook,X,Cook County Recorder,2,48.50,NULL,NULL,NULL,NULL,2.00,2,48.50,NULL,NULL,NULL,NULL,2.00,2,48.50,NULL,NULL,NULL,NULL,2.00,NULL,NULL,NULL,NULL,NULL,NULL,NULL,500,NULL,NULL,0.25000,S,U,NULL,NULL,NULL,NULL,NULL,NULL,Hoffman             ,X,Mortgage            ,Deed                ,City of {{TWNCTYOF}} Stamps   ,NULL,NULL,1000 ,NULL,3.750000  ,S,U,G  ,100,NULL,NULL
56000,Cook,X,Cook County Recorder,2,48.50,NULL,NULL,NULL,NULL,2.00,2,48.50,NULL,NULL,NULL,NULL,2.00,2,48.50,NULL,NULL,NULL,NULL,2.00,NULL,NULL,NULL,NULL,NULL,NULL,NULL,500,NULL,NULL,0.25000,S,U,NULL,NULL,NULL,NULL,NULL,NULL,Maywood             ,X,Mortgage            ,Deed                ,City of {{TWNCTYOF}} Stamps   ,           ,           ,1000 ,       ,4.000000  ,S,U,G  ,100,NULL,NULL
57000,Cook,X,Cook County Recorder,2,48.50,NULL,NULL,NULL,NULL,2.00,2,48.50,NULL,NULL,NULL,NULL,2.00,2,48.50,NULL,NULL,NULL,NULL,2.00,NULL,NULL,NULL,NULL,NULL,NULL,NULL,500,NULL,NULL,0.25000,S,U,NULL,NULL,NULL,NULL,NULL,NULL,McCook              ,X,Mortgage            ,Deed                ,City of {{TWNCTYOF}} Stamps   ,           ,           ,1000 ,       ,5.000000  ,S,U,G  ,100,NULL,NULL
58000,Cook,X,Cook County Recorder,2,48.50,NULL,NULL,NULL,NULL,2.00,2,48.50,NULL,NULL,NULL,NULL,2.00,2,48.50,NULL,NULL,NULL,NULL,2.00,NULL,NULL,NULL,NULL,NULL,NULL,NULL,500,NULL,NULL,0.25000,S,U,NULL,NULL,NULL,NULL,NULL,NULL,Morton Grove        ,X,Mortgage            ,Deed                ,City of {{TWNCTYOF}} Stamps   ,           ,           ,1000 ,       ,3.000000  ,S,U,G  ,100,NULL,NULL
59000,Cook,X,Cook County Recorder,2,48.50,NULL,NULL,NULL,NULL,2.00,2,48.50,NULL,NULL,NULL,NULL,2.00,2,48.50,NULL,NULL,NULL,NULL,2.00,NULL,NULL,NULL,NULL,NULL,NULL,NULL,500,NULL,NULL,0.25000,S,U,NULL,NULL,NULL,NULL,NULL,NULL,Mount Prospect      ,X,Mortgage            ,Deed                ,City of {{TWNCTYOF}} Stamps   ,           ,           ,1000 ,       ,3.000000  ,S,U,G  ,   ,NULL,NULL
60000,Cook,X,Cook County Recorder,2,48.50,NULL,NULL,NULL,NULL,2.00,2,48.50,NULL,NULL,NULL,NULL,2.00,2,48.50,NULL,NULL,NULL,NULL,2.00,NULL,NULL,NULL,NULL,NULL,NULL,NULL,500,NULL,NULL,0.25000,S,U,NULL,NULL,NULL,NULL,NULL,NULL,Niles               ,X,Mortgage            ,Deed                ,City of {{TWNCTYOF}} Stamps   ,           ,           ,1000 ,       ,3.000000  ,S,U,G  ,   ,NULL,NULL
61000,Cook,X,Cook County Recorder,2,48.50,NULL,NULL,NULL,NULL,2.00,2,48.50,NULL,NULL,NULL,NULL,2.00,2,48.50,NULL,NULL,NULL,NULL,2.00,NULL,NULL,NULL,NULL,NULL,NULL,NULL,500,NULL,NULL,0.25000,S,U,NULL,NULL,NULL,NULL,NULL,NULL,Oak Lawn            ,X,Mortgage            ,Deed                ,City of {{TWNCTYOF}} Stamps   ,           ,           ,1000 ,       ,5.000000  ,S,U,G  ,100,NULL,NULL
62000,Cook,X,Cook County Recorder,2,48.50,NULL,NULL,NULL,NULL,2.00,2,48.50,NULL,NULL,NULL,NULL,2.00,2,48.50,NULL,NULL,NULL,NULL,2.00,NULL,NULL,NULL,NULL,NULL,NULL,NULL,500,NULL,NULL,0.25000,S,U,NULL,NULL,NULL,NULL,NULL,NULL,Oak Park            ,X,Mortgage            ,Deed                ,City of {{TWNCTYOF}} Stamps   ,           ,           ,1000 ,       ,8.000000  ,S,U,G  ,100,NULL,NULL
63000,Cook,X,Cook County Recorder,2,48.50,NULL,NULL,NULL,NULL,2.00,2,48.50,NULL,NULL,NULL,NULL,2.00,2,48.50,NULL,NULL,NULL,NULL,2.00,NULL,NULL,NULL,NULL,NULL,NULL,NULL,500,NULL,NULL,0.25000,S,U,NULL,NULL,NULL,NULL,NULL,NULL,Park Forest         ,X,Mortgage            ,Deed                ,City of {{TWNCTYOF}} Stamps   ,           ,           ,1000 ,       ,5.000000  ,S,U,G  ,100,NULL,NULL
64000,Cook,X,Cook County Recorder,2,48.50,NULL,NULL,NULL,NULL,2.00,2,48.50,NULL,NULL,NULL,NULL,2.00,2,48.50,NULL,NULL,NULL,NULL,2.00,NULL,NULL,NULL,NULL,NULL,NULL,NULL,500,NULL,NULL,0.25000,S,U,NULL,NULL,NULL,NULL,NULL,NULL,Park Ridge          ,X,Mortgage            ,Deed                ,City of {{TWNCTYOF}} Stamps   ,           ,           ,1000 ,       ,2.000000  ,S,U,G  ,100,NULL,NULL
65000,Cook,X,Cook County Recorder,2,48.50,NULL,NULL,NULL,NULL,2.00,2,48.50,NULL,NULL,NULL,NULL,2.00,2,48.50,NULL,NULL,NULL,NULL,2.00,NULL,NULL,NULL,NULL,NULL,NULL,NULL,500,NULL,NULL,0.25000,S,U,NULL,NULL,NULL,NULL,NULL,NULL,River Forest        ,X,Mortgage            ,Deed                ,City of {{TWNCTYOF}} Stamps   ,           ,           ,1000 ,       ,1.000000  ,S,U,G  ,100,NULL,NULL
66000,Cook,X,Cook County Recorder,2,48.50,NULL,NULL,NULL,NULL,2.00,2,48.50,NULL,NULL,NULL,NULL,2.00,2,48.50,NULL,NULL,NULL,NULL,2.00,NULL,NULL,NULL,NULL,NULL,NULL,NULL,500,NULL,NULL,0.25000,S,U,NULL,NULL,NULL,NULL,NULL,NULL,River Grove         ,X,Mortgage            ,Deed                ,City of {{TWNCTYOF}} Stamps   ,NULL,NULL,1000 ,NULL,3.750000  ,S,U,G  ,100,NULL,NULL
67000,Cook,X,Cook County Recorder,2,48.50,NULL,NULL,NULL,NULL,2.00,2,48.50,NULL,NULL,NULL,NULL,2.00,2,48.50,NULL,NULL,NULL,NULL,2.00,NULL,NULL,NULL,NULL,NULL,NULL,NULL,500,NULL,NULL,0.25000,S,U,NULL,NULL,NULL,NULL,NULL,NULL,Rolling Meadows     ,X,Mortgage            ,Deed                ,City of {{TWNCTYOF}} Stamps   ,           ,           ,1000 ,       ,3.000000  ,S,U,G  ,100,NULL,NULL
68000,Cook,X,Cook County Recorder,2,48.50,NULL,NULL,NULL,NULL,2.00,2,48.50,NULL,NULL,NULL,NULL,2.00,2,48.50,NULL,NULL,NULL,NULL,2.00,NULL,NULL,NULL,NULL,NULL,NULL,NULL,500,NULL,NULL,0.25000,S,U,NULL,NULL,NULL,NULL,NULL,NULL,Schaumburg          ,X,Mortgage            ,Deed                ,City of {{TWNCTYOF}} Stamps   ,           ,           ,1000 ,       ,1.000000  ,S,U,G  ,100,NULL,NULL
69000,Cook,X,Cook County Recorder,2,48.50,NULL,NULL,NULL,NULL,2.00,2,48.50,NULL,NULL,NULL,NULL,2.00,2,48.50,NULL,NULL,NULL,NULL,2.00,NULL,NULL,NULL,NULL,NULL,NULL,NULL,500,NULL,NULL,0.25000,S,U,NULL,NULL,NULL,NULL,NULL,NULL,Skokie              ,X,Mortgage            ,Deed                ,City of {{TWNCTYOF}} Stamps   ,NULL,NULL,1000 ,NULL,3.000000  ,S,U,G  ,100,NULL,NULL
70000,Cook,X,Cook County Recorder,2,48.50,NULL,NULL,NULL,NULL,2.00,2,48.50,NULL,NULL,NULL,NULL,2.00,2,48.50,NULL,NULL,NULL,NULL,2.00,NULL,NULL,NULL,NULL,NULL,NULL,NULL,500,NULL,NULL,0.25000,S,U,NULL,NULL,NULL,NULL,NULL,NULL,Stickney            ,X,Mortgage            ,Deed                ,City of {{TWNCTYOF}} Stamps   ,           ,           ,1000 ,       ,5.000000  ,S,U,G  ,100,NULL,NULL
71000,Cook,X,Cook County Recorder,2,48.50,NULL,NULL,NULL,NULL,2.00,2,48.50,NULL,NULL,NULL,NULL,2.00,2,48.50,NULL,NULL,NULL,NULL,2.00,NULL,NULL,NULL,NULL,NULL,NULL,NULL,500,NULL,NULL,0.25000,S,U,NULL,NULL,NULL,NULL,NULL,NULL,Stone Park          ,X,Mortgage            ,Deed                ,City of {{TWNCTYOF}} Stamps   ,           ,           ,1000 ,       ,2.000000  ,S,U,G  ,100,NULL,NULL
72000,Cook,X,Cook County Recorder,2,48.50,NULL,NULL,NULL,NULL,2.00,2,48.50,NULL,NULL,NULL,NULL,2.00,2,48.50,NULL,NULL,NULL,NULL,2.00,NULL,NULL,NULL,NULL,NULL,NULL,NULL,500,NULL,NULL,0.25000,S,U,NULL,NULL,NULL,NULL,NULL,NULL,Streamwood          ,X,Mortgage            ,Deed                ,City of {{TWNCTYOF}} Stamps   ,           ,           ,1000 ,       ,3.000000  ,S,U,G  ,100,NULL,NULL
73000,Cook,X,Cook County Recorder,2,48.50,NULL,NULL,NULL,NULL,2.00,2,48.50,NULL,NULL,NULL,NULL,2.00,2,48.50,NULL,NULL,NULL,NULL,2.00,NULL,NULL,NULL,NULL,NULL,NULL,NULL,500,NULL,NULL,0.25000,S,U,NULL,NULL,NULL,NULL,NULL,NULL,University Park     ,X,Mortgage            ,Deed                ,City of {{TWNCTYOF}} Stamps   ,           ,           ,1000 ,       ,1.000000  ,S,U,G  ,100,NULL,NULL
74000,Cook,X,Cook County Recorder,2,48.50,NULL,NULL,NULL,NULL,2.00,2,48.50,NULL,NULL,NULL,NULL,2.00,2,48.50,NULL,NULL,NULL,NULL,2.00,NULL,NULL,NULL,NULL,NULL,NULL,NULL,500,NULL,NULL,0.25000,S,U,NULL,NULL,NULL,NULL,NULL,NULL,Westchester         ,X,Mortgage            ,Deed                ,City of {{TWNCTYOF}} Stamps   ,           ,150.00     ,     ,       ,          , , ,G  ,100,NULL,NULL
75000,Cook,X,Cook County Recorder,2,48.50,NULL,NULL,NULL,NULL,2.00,2,48.50,NULL,NULL,NULL,NULL,2.00,2,48.50,NULL,NULL,NULL,NULL,2.00,NULL,NULL,NULL,NULL,NULL,NULL,NULL,500,NULL,NULL,0.25000,S,U,NULL,NULL,NULL,NULL,NULL,NULL,Wilmette            ,X,Mortgage            ,Deed                ,City of {{TWNCTYOF}} Stamps   ,           ,           ,1000 ,       ,3.000000  ,S,U,G  ,0  ,NULL,NULL
77000,Crawford,X,Crawford County Recorder,2,40.00,NULL,NULL,NULL,NULL,2.00,2,40.00,NULL,NULL,NULL,NULL,2.00,2,40.00,NULL,NULL,NULL,NULL,2.00,NULL,NULL,NULL,NULL,NULL,NULL,NULL,500,NULL,NULL,0.25000,S,U,NULL,NULL,NULL,NULL,NULL,NULL,NULL,NULL,Mortgage            ,Deed                ,NULL,NULL,NULL,NULL,NULL,NULL,NULL,NULL,NULL,NULL,NULL,NULL
78000,Cumberland,X,Cumberland County Recorder,2,45.00,NULL,NULL,NULL,NULL,2.00,2,45.00,NULL,NULL,NULL,NULL,2.00,2,45.00,NULL,NULL,NULL,NULL,2.00,NULL,NULL,NULL,NULL,NULL,NULL,NULL,500,NULL,NULL,0.25000,S,U,NULL,NULL,NULL,NULL,NULL,NULL,NULL,X,Mortgage            ,Deed                ,NULL,NULL,NULL,NULL,NULL,NULL,NULL,NULL,NULL,NULL,NULL,NULL
79000,De Kalb,X,De Kalb County Recorder,4,39.00,NULL,NULL,NULL,NULL,1.00,4,39.00,NULL,NULL,NULL,NULL,1.00,4,39.00,NULL,NULL,NULL,NULL,1.00,NULL,NULL,NULL,NULL,NULL,NULL,NULL,500,NULL,NULL,0.25000,S,U,NULL,NULL,NULL,NULL,NULL,NULL,NULL,X,Mortgage            ,Deed                ,NULL,NULL,NULL,NULL,NULL,NULL,NULL,NULL,NULL,NULL,NULL,NULL
80000,De Kalb,X,De Kalb County Recorder,4,39.00,NULL,NULL,NULL,NULL,1.00,4,39.00,NULL,NULL,NULL,NULL,1.00,4,39.00,NULL,NULL,NULL,NULL,1.00,NULL,NULL,NULL,NULL,NULL,NULL,NULL,500,NULL,NULL,0.25000,S,U,NULL,NULL,NULL,NULL,NULL,NULL,Sycamore            ,X,Mortgage            ,Deed                ,NULL,NULL,NULL,NULL,NULL,NULL,NULL,NULL,NULL,NULL,NULL,NULL
81000,De Witt,X,De Witt County Recorder,4,28.00,NULL,NULL,NULL,NULL,1.00,4,28.00,NULL,NULL,NULL,NULL,1.00,4,28.00,NULL,NULL,NULL,NULL,1.00,NULL,NULL,NULL,NULL,NULL,NULL,NULL,500,NULL,NULL,0.25000,S,U,NULL,NULL,NULL,NULL,NULL,NULL,NULL,X,Mortgage            ,Deed                ,NULL,NULL,NULL,NULL,NULL,NULL,NULL,NULL,NULL,NULL,NULL,NULL
82000,Douglas,X,Douglas County Recorder,4,43.00,NULL,NULL,NULL,NULL,1.00,4,43.00,NULL,NULL,NULL,NULL,1.00,4,43.00,NULL,NULL,NULL,NULL,1.00,NULL,NULL,NULL,NULL,NULL,NULL,NULL,500,NULL,NULL,0.25000,S,U,NULL,NULL,NULL,NULL,NULL,NULL,NULL,X,Mortgage            ,Deed                ,NULL,NULL,NULL,NULL,NULL,NULL,NULL,NULL,NULL,NULL,NULL,NULL
82500,Du Page,X,Du Page County Recorder,4,40.00,NULL,NULL,NULL,NULL,1.00,4,40.00,NULL,NULL,NULL,NULL,1.00,4,40.00,NULL,NULL,NULL,NULL,1.00,NULL,NULL,NULL,NULL,NULL,NULL,NULL,500,NULL,NULL,0.25000,S,U,NULL,NULL,NULL,NULL,NULL,NULL,NULL,X,Mortgage            ,Deed                ,NULL,NULL,NULL,NULL,NULL,NULL,NULL,NULL,NULL,NULL,NULL,NULL
83000,Du Page,X,Du Page County Recorder,4,40.00,NULL,NULL,NULL,NULL,1.00,4,40.00,NULL,NULL,NULL,NULL,1.00,4,40.00,NULL,NULL,NULL,NULL,1.00,NULL,NULL,NULL,NULL,NULL,NULL,NULL,500,NULL,NULL,0.25000,S,U,NULL,NULL,NULL,NULL,NULL,NULL,Addison             ,X,Mortgage            ,Deed                ,NULL,NULL,NULL,1000 ,NULL,2.500000  ,NULL,NULL,NULL,100,NULL,NULL
84000,Du Page,X,Du Page County Recorder,4,40.00,NULL,NULL,NULL,NULL,1.00,4,40.00,NULL,NULL,NULL,NULL,1.00,4,40.00,NULL,NULL,NULL,NULL,1.00,NULL,NULL,NULL,NULL,NULL,NULL,NULL,500,NULL,NULL,0.25000,S,U,NULL,NULL,NULL,NULL,NULL,NULL,Aurora              ,X,Mortgage            ,Deed                ,City of {{TWNCTYOF}} Stamps   ,NULL,NULL,1000 ,NULL,3.000000  ,S,U,G  ,100,NULL,NULL
85000,Du Page,X,Du Page County Recorder,4,40.00,NULL,NULL,NULL,NULL,1.00,4,40.00,NULL,NULL,NULL,NULL,1.00,4,40.00,NULL,NULL,NULL,NULL,1.00,NULL,NULL,NULL,NULL,NULL,NULL,NULL,500,NULL,NULL,0.25000,S,U,NULL,NULL,NULL,NULL,NULL,NULL,Bartlett            ,X,Mortgage            ,Deed                ,NULL,NULL,NULL,1000 ,NULL,3.000000  ,S,U,G  ,100,NULL,NULL
86000,Du Page,X,Du Page County Recorder,4,40.00,NULL,NULL,NULL,NULL,1.00,4,40.00,NULL,NULL,NULL,NULL,1.00,4,40.00,NULL,NULL,NULL,NULL,1.00,NULL,NULL,NULL,NULL,NULL,NULL,NULL,500,NULL,NULL,0.25000,S,U,NULL,NULL,NULL,NULL,NULL,NULL,Bollingbrook        ,X,Mortgage            ,Deed                ,NULL,NULL,NULL,500  ,NULL,3.750000  ,S,U,G  ,100,NULL,NULL
87000,Du Page,X,Du Page County Recorder,4,40.00,NULL,NULL,NULL,NULL,1.00,4,40.00,NULL,NULL,NULL,NULL,1.00,4,40.00,NULL,NULL,NULL,NULL,1.00,NULL,NULL,NULL,NULL,NULL,NULL,NULL,500,NULL,NULL,0.25000,S,U,NULL,NULL,NULL,NULL,NULL,NULL,Carol Stream        ,X,Mortgage            ,Deed                ,NULL,NULL,NULL,1000 ,NULL,3.000000  ,S,U,G  ,100,NULL,NULL
88000,Du Page,X,Du Page County Recorder,4,30.00,NULL,NULL,NULL,NULL,1.00,4,30.00,NULL,NULL,NULL,NULL,1.00,4,30.00,NULL,NULL,NULL,NULL,1.00,NULL,NULL,NULL,NULL,NULL,NULL,NULL,500,NULL,NULL,0.25000,S,U,NULL,NULL,NULL,NULL,NULL,NULL,Chicago             ,X,Mortgage            ,Deed                ,City of {{TWNCTYOF}} Stamps   ,NULL,NULL,1000 ,NULL,3.750000  ,S,U,G  ,100,NULL,NULL
89000,Du Page,X,Du Page County Recorder,4,40.00,NULL,NULL,NULL,NULL,1.00,4,40.00,NULL,NULL,NULL,NULL,1.00,4,40.00,NULL,NULL,NULL,NULL,1.00,NULL,NULL,NULL,NULL,NULL,NULL,NULL,500,NULL,NULL,0.25000,S,U,NULL,NULL,NULL,NULL,NULL,NULL,Elk Grove Village   ,X,Mortgage            ,Deed                ,NULL,NULL,NULL,1000 ,NULL,3.000000  ,S,U,G  ,100,NULL,NULL
90000,Du Page,X,Du Page County Recorder,4,40.00,NULL,NULL,NULL,NULL,1.00,4,40.00,NULL,NULL,NULL,NULL,1.00,4,40.00,NULL,NULL,NULL,NULL,1.00,NULL,NULL,NULL,NULL,NULL,NULL,NULL,500,NULL,NULL,0.25000,S,U,NULL,NULL,NULL,NULL,NULL,NULL,Elmhurst            ,X,Mortgage            ,Deed                ,NULL,NULL,NULL,1000 ,NULL,1.50000   ,S,U,G  ,100,NULL,NULL
91000,Du Page,X,Du Page County Recorder,4,40.00,NULL,NULL,NULL,NULL,1.00,4,40.00,NULL,NULL,NULL,NULL,1.00,4,40.00,NULL,NULL,NULL,NULL,1.00,NULL,NULL,NULL,NULL,NULL,NULL,NULL,500,NULL,NULL,0.25000,S,U,NULL,NULL,NULL,NULL,NULL,NULL,Glen Ellyn          ,X,Mortgage            ,Deed                ,NULL,NULL,NULL,1000 ,NULL,3.000000  ,S,U,G  ,100,NULL,NULL
92000,Du Page,X,Du Page County Recorder,4,40.00,NULL,NULL,NULL,NULL,1.00,4,40.00,NULL,NULL,NULL,NULL,1.00,4,40.00,NULL,NULL,NULL,NULL,1.00,NULL,NULL,NULL,NULL,NULL,NULL,NULL,500,NULL,NULL,0.25000,S,U,NULL,NULL,NULL,NULL,NULL,NULL,Glendale Heights    ,X,Mortgage            ,Deed                ,NULL,NULL,NULL,1000 ,NULL,3.000000  ,S,U,G  ,100,NULL,NULL
93000,Du Page,X,Du Page County Recorder,4,40.00,NULL,NULL,NULL,NULL,1.00,4,40.00,NULL,NULL,NULL,NULL,1.00,4,40.00,NULL,NULL,NULL,NULL,1.00,NULL,NULL,NULL,NULL,NULL,NULL,NULL,500,NULL,NULL,0.25000,S,U,NULL,NULL,NULL,NULL,NULL,NULL,Hanover Park        ,X,Mortgage            ,Deed                ,NULL,NULL,NULL,500  ,NULL,1.50000   ,S,U,G  ,100,NULL,NULL
94000,Du Page,X,Du Page County Recorder,4,40.00,NULL,NULL,NULL,NULL,1.00,4,40.00,NULL,NULL,NULL,NULL,1.00,4,40.00,NULL,NULL,NULL,NULL,1.00,NULL,NULL,NULL,NULL,NULL,NULL,NULL,500,NULL,NULL,0.25000,S,U,NULL,NULL,NULL,NULL,NULL,NULL,Naperville          ,X,Mortgage            ,Deed                ,City of {{TWNCTYOF}} Stamps   ,NULL,NULL,500  ,NULL,1.50000   ,S,U,G  ,100,NULL,NULL
95000,Du Page,X,Du Page County Recorder,4,40.00,NULL,NULL,NULL,NULL,1.00,4,40.00,NULL,NULL,NULL,NULL,1.00,4,40.00,NULL,NULL,NULL,NULL,1.00,NULL,NULL,NULL,NULL,NULL,NULL,NULL,500,NULL,NULL,0.25000,S,U,NULL,NULL,NULL,NULL,NULL,NULL,Schaumburg          ,X,Mortgage            ,Deed                ,NULL,NULL,NULL,1000 ,NULL,1.00000   ,S,U,G  ,100,NULL,NULL
96000,Du Page,X,Du Page County Recorder,4,40.00,NULL,NULL,NULL,NULL,1.00,4,40.00,NULL,NULL,NULL,NULL,1.00,4,40.00,NULL,NULL,NULL,NULL,1.00,NULL,NULL,NULL,NULL,NULL,NULL,NULL,500,NULL,NULL,0.25000,S,U,NULL,NULL,NULL,NULL,NULL,NULL,West Chicago        ,X,Mortgage            ,Deed                ,NULL,NULL,NULL,500  ,NULL,3.750000  ,S,U,G  ,100,NULL,NULL
97000,Du Page,X,Du Page County Recorder,4,40.00,NULL,NULL,NULL,NULL,1.00,4,40.00,NULL,NULL,NULL,NULL,1.00,4,40.00,NULL,NULL,NULL,NULL,1.00,NULL,NULL,NULL,NULL,NULL,NULL,NULL,500,NULL,NULL,0.25000,S,U,NULL,NULL,NULL,NULL,NULL,NULL,Wheaton             ,X,Mortgage            ,Deed                ,NULL,NULL,NULL,1000 ,NULL,2.50000   ,S,U,G  ,100,NULL,NULL
98000,Du Page,X,Du Page County Recorder,4,40.00,NULL,NULL,NULL,NULL,1.00,4,40.00,NULL,NULL,NULL,NULL,1.00,4,40.00,NULL,NULL,NULL,NULL,1.00,NULL,NULL,NULL,NULL,NULL,NULL,NULL,500,NULL,NULL,0.25000,S,U,NULL,NULL,NULL,NULL,NULL,NULL,Woodridge           ,X,Mortgage            ,Deed                ,NULL,NULL,NULL,1000 ,NULL,2.50000   ,S,U,G  ,100,NULL,NULL
100000,Edgar,X,Edgar County Recorder,4,48.00,NULL,NULL,NULL,NULL,1.00,4,48.00,NULL,NULL,NULL,NULL,1.00,4,48.00,NULL,NULL,NULL,NULL,1.00,NULL,NULL,NULL,NULL,NULL,NULL,NULL,500,NULL,NULL,0.25000,S,U,NULL,NULL,NULL,NULL,NULL,NULL,NULL,X,Mortgage            ,Deed                ,NULL,NULL,NULL,NULL,NULL,NULL,NULL,NULL,NULL,NULL,NULL,NULL
101000,Edwards,X,Edwards County Recorder,4,40.00,NULL,NULL,NULL,NULL,1.00,4,40.00,NULL,NULL,NULL,NULL,1.00,4,40.00,NULL,NULL,NULL,NULL,1.00,NULL,NULL,NULL,NULL,NULL,NULL,NULL,500,NULL,NULL,0.25000,S,U,NULL,NULL,NULL,NULL,NULL,NULL,NULL,X,Mortgage            ,Deed                ,NULL,NULL,NULL,NULL,NULL,NULL,NULL,NULL,NULL,NULL,NULL,NULL
102000,Effingham,X,Effingham County Recorder,4,37.00,NULL,NULL,NULL,NULL,1.00,4,37.00,NULL,NULL,NULL,NULL,1.00,4,37.00,NULL,NULL,NULL,NULL,1.00,NULL,NULL,NULL,NULL,NULL,NULL,NULL,500,NULL,NULL,0.25000,S,U,NULL,NULL,NULL,NULL,NULL,NULL,NULL,X,Mortgage            ,Deed                ,NULL,NULL,NULL,NULL,NULL,NULL,NULL,NULL,NULL,NULL,NULL,NULL
103000,Fayette,X,Fayette County Recorder,4,42.00,NULL,NULL,NULL,NULL,1.00,4,42.00,NULL,NULL,NULL,NULL,1.00,4,42.00,NULL,NULL,NULL,NULL,1.00,NULL,NULL,NULL,NULL,NULL,NULL,NULL,500,NULL,NULL,0.25000,S,U,NULL,NULL,NULL,NULL,NULL,NULL,NULL,X,Mortgage            ,Deed                ,NULL,NULL,NULL,NULL,NULL,NULL,NULL,NULL,NULL,NULL,NULL,NULL
104000,Ford,X,Ford County Recorder,4,39.00,NULL,NULL,NULL,NULL,1.00,4,39.00,NULL,NULL,NULL,NULL,1.00,4,39.00,NULL,NULL,NULL,NULL,1.00,NULL,NULL,NULL,NULL,NULL,NULL,NULL,500,NULL,NULL,0.25000,S,U,NULL,NULL,NULL,NULL,NULL,NULL,NULL,X,Mortgage            ,Deed                ,NULL,NULL,NULL,NULL,NULL,NULL,NULL,NULL,NULL,NULL,NULL,NULL
105000,Franklin,X,Franklin County Recorder,4,41.00,NULL,NULL,NULL,NULL,1.00,4,41.00,NULL,NULL,NULL,NULL,1.00,4,41.00,NULL,NULL,NULL,NULL,1.00,NULL,NULL,NULL,NULL,NULL,NULL,NULL,500,NULL,NULL,0.25000,S,U,NULL,NULL,NULL,NULL,NULL,NULL,NULL,X,Mortgage            ,Deed                ,NULL,NULL,NULL,NULL,NULL,NULL,NULL,NULL,NULL,NULL,NULL,NULL
106000,Fulton,X,Fulton County Recorder,4,51.00,NULL,NULL,NULL,NULL,1.00,4,51.00,NULL,NULL,NULL,NULL,1.00,4,51.00,NULL,NULL,NULL,NULL,1.00,NULL,NULL,NULL,NULL,NULL,NULL,NULL,500,NULL,NULL,0.25000,S,U,NULL,NULL,NULL,NULL,NULL,NULL,NULL,X,Mortgage            ,Deed                ,NULL,NULL,NULL,NULL,NULL,NULL,NULL,NULL,NULL,NULL,NULL,NULL
107000,Gallatin,X,Gallatin County Recorder,4,40.00,NULL,NULL,NULL,NULL,1.00,4,40.00,NULL,NULL,NULL,NULL,1.00,4,40.00,NULL,NULL,NULL,NULL,1.00,NULL,NULL,NULL,NULL,NULL,NULL,NULL,500,NULL,NULL,0.25000,S,U,NULL,NULL,NULL,NULL,NULL,NULL,NULL,X,Mortgage            ,Deed                ,NULL,NULL,NULL,NULL,NULL,NULL,NULL,NULL,NULL,NULL,NULL,NULL
108000,Greene,X,Greene County Recorder,4,54.00,NULL,NULL,NULL,NULL,1.00,4,54.00,NULL,NULL,NULL,NULL,1.00,4,54.00,NULL,NULL,NULL,NULL,1.00,NULL,NULL,NULL,NULL,NULL,NULL,NULL,500,NULL,NULL,0.25000,S,U,NULL,NULL,NULL,NULL,NULL,NULL,NULL,X,Mortgage            ,Deed                ,NULL,NULL,NULL,NULL,NULL,NULL,NULL,NULL,NULL,NULL,NULL,NULL
109000,Grundy,X,Grundy County Recorder,4,35.00,NULL,NULL,NULL,NULL,1.00,4,35.00,NULL,NULL,NULL,NULL,1.00,4,35.00,NULL,NULL,NULL,NULL,1.00,NULL,NULL,NULL,NULL,NULL,NULL,NULL,500,NULL,NULL,0.25000,S,U,NULL,NULL,NULL,NULL,NULL,NULL,Channahon           ,X,Mortgage            ,Deed                ,City of {{TWNCTYOF}} Stamps   ,           ,           ,1000 ,       ,3.000000  ,S,U,G  ,   ,NULL,NULL
110000,Grundy,X,Grundy County Recorder,4,35.00,NULL,NULL,NULL,NULL,1.00,4,35.00,NULL,NULL,NULL,NULL,1.00,4,35.00,NULL,NULL,NULL,NULL,1.00,NULL,NULL,NULL,NULL,NULL,NULL,NULL,500,NULL,NULL,0.25000,S,U,NULL,NULL,NULL,NULL,NULL,NULL,NULL,X,Mortgage            ,Deed                ,NULL,NULL,NULL,NULL,NULL,NULL,NULL,NULL,NULL,NULL,NULL,NULL
111000,Hamilton,X,Hamilton County Recorder,4,59.50,NULL,NULL,NULL,NULL,1.00,4,59.50,NULL,NULL,NULL,NULL,1.00,4,59.50,NULL,NULL,NULL,NULL,1.00,NULL,NULL,NULL,NULL,NULL,NULL,NULL,500,NULL,NULL,0.25000,S,U,NULL,NULL,NULL,NULL,NULL,NULL,NULL,X,Mortgage            ,Deed                ,NULL,NULL,NULL,NULL,NULL,NULL,NULL,NULL,NULL,NULL,NULL,NULL
112000,Hancock,X,Hancock County Recorder,4,45.00,NULL,NULL,NULL,NULL,1.00,4,45.00,NULL,NULL,NULL,NULL,1.00,4,45.00,NULL,NULL,NULL,NULL,1.00,NULL,NULL,NULL,NULL,NULL,NULL,NULL,500,NULL,NULL,0.25000,S,U,NULL,NULL,NULL,NULL,NULL,NULL,NULL,X,Mortgage            ,Deed                ,NULL,NULL,NULL,NULL,NULL,NULL,NULL,NULL,NULL,NULL,NULL,NULL
113000,Hardin,X,Hardin County Recorder,4,40.00,NULL,NULL,NULL,NULL,1.00,4,40.00,NULL,NULL,NULL,NULL,1.00,4,40.00,NULL,NULL,NULL,NULL,1.00,NULL,NULL,NULL,NULL,NULL,NULL,NULL,500,NULL,NULL,0.25000,S,U,NULL,NULL,NULL,NULL,NULL,NULL,NULL,X,Mortgage            ,Deed                ,NULL,NULL,NULL,NULL,NULL,NULL,NULL,NULL,NULL,NULL,NULL,NULL
114000,Henderson,X,Henderson County Recorder,4,40.00,NULL,NULL,NULL,NULL,1.00,4,40.00,NULL,NULL,NULL,NULL,1.00,4,40.00,NULL,NULL,NULL,NULL,1.00,NULL,NULL,NULL,NULL,NULL,NULL,NULL,500,NULL,NULL,0.25000,S,U,NULL,NULL,NULL,NULL,NULL,NULL,NULL,X,Mortgage            ,Deed                ,NULL,NULL,NULL,NULL,NULL,NULL,NULL,NULL,NULL,NULL,NULL,NULL
115000,Henry,X,Henry County Recorder,4,41.00,NULL,NULL,NULL,NULL,1.00,4,41.00,NULL,NULL,NULL,NULL,1.00,4,41.00,NULL,NULL,NULL,NULL,1.00,NULL,NULL,NULL,NULL,NULL,NULL,NULL,500,NULL,NULL,0.25000,S,U,NULL,NULL,NULL,NULL,NULL,NULL,NULL,X,Mortgage            ,Deed                ,NULL,NULL,NULL,NULL,NULL,NULL,NULL,NULL,NULL,NULL,NULL,NULL
116000,Iroquois,X,Iroquois County Recorder,4,28.00,NULL,NULL,NULL,NULL,1.00,4,28.00,NULL,NULL,NULL,NULL,1.00,4,28.00,NULL,NULL,NULL,NULL,1.00,NULL,NULL,NULL,NULL,NULL,NULL,NULL,500,NULL,NULL,0.25000,S,U,NULL,NULL,NULL,NULL,NULL,NULL,NULL,X,Mortgage            ,Deed                ,NULL,NULL,NULL,NULL,NULL,NULL,NULL,NULL,NULL,NULL,NULL,NULL
117000,Jackson,X,Jackson County Recorder,4,31.50,NULL,NULL,NULL,NULL,1.00,4,31.50,NULL,NULL,NULL,NULL,1.00,4,31.50,NULL,NULL,NULL,NULL,1.00,NULL,NULL,NULL,NULL,NULL,NULL,NULL,500,NULL,NULL,0.25000,S,U,NULL,NULL,NULL,NULL,NULL,NULL,NULL,X,Mortgage            ,Deed                ,NULL,NULL,NULL,NULL,NULL,NULL,NULL,NULL,NULL,NULL,NULL,NULL
118000,Jasper,X,Jasper County Recorder,4,35.00,NULL,NULL,NULL,NULL,1.00,4,35.00,NULL,NULL,NULL,NULL,1.00,4,35.00,NULL,NULL,NULL,NULL,1.00,NULL,NULL,NULL,NULL,NULL,NULL,NULL,500,NULL,NULL,0.25000,S,U,NULL,NULL,NULL,NULL,NULL,NULL,NULL,X,Mortgage            ,Deed                ,NULL,NULL,NULL,NULL,NULL,NULL,NULL,NULL,NULL,NULL,NULL,NULL
119000,Jefferson,X,Jefferson County Recorder,4,46.00,NULL,NULL,NULL,NULL,1.00,4,46.00,NULL,NULL,NULL,NULL,1.00,4,46.00,NULL,NULL,NULL,NULL,1.00,NULL,NULL,NULL,NULL,NULL,NULL,NULL,500,NULL,NULL,0.25000,S,U,NULL,NULL,NULL,NULL,NULL,NULL,NULL,X,Mortgage            ,Deed                ,NULL,NULL,NULL,NULL,NULL,NULL,NULL,NULL,NULL,NULL,NULL,NULL
120000,Jersey,X,Jersey County Recorder,4,50.00,NULL,NULL,NULL,NULL,1.00,4,50.00,NULL,NULL,NULL,NULL,1.00,4,50.00,NULL,NULL,NULL,NULL,1.00,NULL,NULL,NULL,NULL,NULL,NULL,NULL,500,NULL,NULL,0.25000,S,U,NULL,NULL,NULL,NULL,NULL,NULL,NULL,X,Mortgage            ,Deed                ,NULL,NULL,NULL,NULL,NULL,NULL,NULL,NULL,NULL,NULL,NULL,NULL
121000,Jo Daviess,X,Jo Daviess County Recorder,4,54.00,NULL,NULL,NULL,NULL,1.00,4,54.00,NULL,NULL,NULL,NULL,1.00,4,54.00,NULL,NULL,NULL,NULL,1.00,NULL,NULL,NULL,NULL,NULL,NULL,NULL,500,NULL,NULL,0.25000,S,U,NULL,NULL,NULL,NULL,NULL,NULL,NULL,X,Mortgage            ,Deed                ,NULL,NULL,NULL,NULL,NULL,NULL,NULL,NULL,NULL,NULL,NULL,NULL
122000,Johnson,X,Johnson County Recorder,4,35.00,NULL,NULL,NULL,NULL,1.00,4,35.00,NULL,NULL,NULL,NULL,1.00,4,35.00,NULL,NULL,NULL,NULL,1.00,NULL,NULL,NULL,NULL,NULL,NULL,NULL,500,NULL,NULL,0.25000,S,U,NULL,NULL,NULL,NULL,NULL,NULL,NULL,X,Mortgage            ,Deed                ,NULL,NULL,NULL,NULL,NULL,NULL,NULL,NULL,NULL,NULL,NULL,NULL
123000,Kane,X,Kane County Recorder,4,35.00,NULL,NULL,NULL,NULL,1.00,4,35.00,NULL,NULL,NULL,NULL,1.00,4,35.00,NULL,NULL,NULL,NULL,1.00,NULL,NULL,NULL,NULL,NULL,NULL,NULL,500,NULL,NULL,0.25000,S,U,NULL,NULL,NULL,NULL,NULL,NULL,NULL,X,Mortgage            ,Deed                ,NULL,NULL,NULL,NULL,NULL,NULL,NULL,NULL,NULL,NULL,NULL,NULL
123500,Kane,X,Kane County Recorder,4,35.00,NULL,NULL,NULL,NULL,1.00,4,35.00,NULL,NULL,NULL,NULL,1.00,4,35.00,NULL,NULL,NULL,NULL,1.00,NULL,NULL,NULL,NULL,NULL,NULL,NULL,500,NULL,NULL,0.25000,S,U,NULL,NULL,NULL,NULL,NULL,NULL,Aurora              ,X,Mortgage            ,Deed                ,City of {{TWNCTYOF}} Stamps   ,NULL,NULL,1000 ,NULL,3.000000  ,S,U,G  ,100,NULL,NULL
124000,Kankakee,X,Kankakee County Recorder,4,39.00,NULL,NULL,NULL,NULL,1.00,4,39.00,NULL,NULL,NULL,NULL,1.00,4,39.00,NULL,NULL,NULL,NULL,1.00,NULL,NULL,NULL,NULL,NULL,NULL,NULL,500,NULL,NULL,0.25000,S,U,NULL,NULL,NULL,NULL,NULL,NULL,NULL,X,Mortgage            ,Deed                ,NULL,NULL,NULL,NULL,NULL,NULL,NULL,NULL,NULL,NULL,NULL,NULL
124500,Kendall,X,Kendall County Recorder,4,49.00,NULL,NULL,NULL,NULL,1.00,4,49.00,NULL,NULL,NULL,NULL,1.00,4,49.00,NULL,NULL,NULL,NULL,1.00,NULL,NULL,NULL,NULL,NULL,NULL,NULL,500,NULL,NULL,0.25000,S,U,NULL,NULL,NULL,NULL,NULL,NULL,NULL,X,Mortgage            ,Deed                ,NULL,NULL,NULL,NULL,NULL,NULL,NULL,NULL,NULL,NULL,NULL,NULL
125000,Kendall,X,Kendall County Recorder,4,49.00,NULL,NULL,NULL,NULL,1.00,4,49.00,NULL,NULL,NULL,NULL,1.00,4,49.00,NULL,NULL,NULL,NULL,1.00,NULL,NULL,NULL,NULL,NULL,NULL,NULL,500,NULL,NULL,0.25000,S,U,NULL,NULL,NULL,NULL,NULL,NULL,Aurora              ,X,Mortgage            ,Deed                ,City of {{TWNCTYOF}} Stamps   ,           ,           ,1000 ,       ,3.000000  ,S,U,G  ,100,NULL,NULL
126000,Kendall,X,Kendall County Recorder,4,49.00,NULL,NULL,NULL,NULL,1.00,4,49.00,NULL,NULL,NULL,NULL,1.00,4,49.00,NULL,NULL,NULL,NULL,1.00,NULL,NULL,NULL,NULL,NULL,NULL,NULL,500,NULL,NULL,0.25000,S,U,NULL,NULL,NULL,NULL,NULL,NULL,Joliet              ,X,Mortgage            ,Deed                ,City of {{TWNCTYOF}} Stamps   ,           ,           ,1000 ,       ,3.000000  ,S,U,G  ,100,NULL,NULL
128000,Knox,X,Knox County Recorder,4,50.00,NULL,NULL,NULL,NULL,1.00,4,50.00,NULL,NULL,NULL,NULL,1.00,4,50.00,NULL,NULL,NULL,NULL,1.00,NULL,NULL,NULL,NULL,NULL,NULL,NULL,500,NULL,NULL,0.25000,S,U,NULL,NULL,NULL,NULL,NULL,NULL,NULL,X,Mortgage            ,Deed                ,NULL,NULL,NULL,NULL,NULL,NULL,NULL,NULL,NULL,NULL,NULL,NULL
129000,La Salle,X,La Salle County Recorder,4,46.50,NULL,NULL,NULL,NULL,1.00,4,46.50,NULL,NULL,NULL,NULL,1.00,4,46.50,NULL,NULL,NULL,NULL,1.00,NULL,NULL,NULL,NULL,NULL,NULL,NULL,500,NULL,NULL,0.25000,S,U,NULL,NULL,NULL,NULL,NULL,NULL,NULL,X,Mortgage            ,Deed                ,NULL,NULL,NULL,NULL,NULL,NULL,NULL,NULL,NULL,NULL,NULL,NULL
129500,Lake,X,Lake County Recorder,4,39.00,NULL,NULL,NULL,NULL,1.00,4,39.00,NULL,NULL,NULL,NULL,1.00,4,39.00,NULL,NULL,NULL,NULL,1.00,NULL,NULL,NULL,NULL,NULL,NULL,NULL,500,NULL,NULL,0.25000,S,U,NULL,NULL,NULL,NULL,NULL,NULL,NULL,X,Mortgage            ,Deed                ,NULL,NULL,NULL,NULL,NULL,NULL,NULL,NULL,NULL,NULL,NULL,NULL
130000,Lake,X,Lake County Recorder,4,39.00,NULL,NULL,NULL,NULL,1.00,4,39.00,NULL,NULL,NULL,NULL,1.00,4,39.00,NULL,NULL,NULL,NULL,1.00,NULL,NULL,NULL,NULL,NULL,NULL,NULL,500,NULL,NULL,0.25000,S,U,NULL,NULL,NULL,NULL,NULL,NULL,Buffalo Grove       ,X,Mortgage            ,Deed                ,City of {{TWNCTYOF}} Stamps   ,           ,           ,1000 ,       ,3.000000  ,S,U,G  ,100,NULL,NULL
131000,Lake,X,Lake County Recorder,4,39.00,NULL,NULL,NULL,NULL,1.00,4,39.00,NULL,NULL,NULL,NULL,1.00,4,39.00,NULL,NULL,NULL,NULL,1.00,NULL,NULL,NULL,NULL,NULL,NULL,NULL,500,NULL,NULL,0.25000,S,U,NULL,NULL,NULL,NULL,NULL,NULL,Highland Park       ,X,Mortgage            ,Deed                ,City of {{TWNCTYOF}} Stamps   ,           ,           ,1000 ,       ,5.000000  ,S,U,G  ,100,NULL,NULL
132000,Lake,X,Lake County Recorder,4,39.00,NULL,NULL,NULL,NULL,1.00,4,39.00,NULL,NULL,NULL,NULL,1.00,4,39.00,NULL,NULL,NULL,NULL,1.00,NULL,NULL,NULL,NULL,NULL,NULL,NULL,500,NULL,NULL,0.25000,S,U,NULL,NULL,NULL,NULL,NULL,NULL,Highwood            ,X,Mortgage            ,Deed                ,City of {{TWNCTYOF}} Stamps   ,           ,           ,1000 ,       ,5.000000  ,S,U,G  ,   ,NULL,NULL
133000,Lake,X,Lake County Recorder,4,39.00,NULL,NULL,NULL,NULL,1.00,4,39.00,NULL,NULL,NULL,NULL,1.00,4,39.00,NULL,NULL,NULL,NULL,1.00,NULL,NULL,NULL,NULL,NULL,NULL,NULL,500,NULL,NULL,0.25000,S,U,NULL,NULL,NULL,NULL,NULL,NULL,Lake Forest         ,X,Mortgage            ,Deed                ,City of {{TWNCTYOF}} Stamps   ,           ,           ,1000 ,       ,4.000000  ,S,U,G  ,   ,NULL,NULL
134000,Lake,X,Lake County Recorder,4,39.00,NULL,NULL,NULL,NULL,1.00,4,39.00,NULL,NULL,NULL,NULL,1.00,4,39.00,NULL,NULL,NULL,NULL,1.00,NULL,NULL,NULL,NULL,NULL,NULL,NULL,500,NULL,NULL,0.25000,S,U,NULL,NULL,NULL,NULL,NULL,NULL,Lincolnshire        ,X,Mortgage            ,Deed                ,City of {{TWNCTYOF}} Stamps   ,           ,           ,1000 ,       ,3.000000  ,S,U,G  ,   ,NULL,NULL
135000,Lake,X,Lake County Recorder,4,39.00,NULL,NULL,NULL,NULL,1.00,4,39.00,NULL,NULL,NULL,NULL,1.00,4,39.00,NULL,NULL,NULL,NULL,1.00,NULL,NULL,NULL,NULL,NULL,NULL,NULL,500,NULL,NULL,0.25000,S,U,NULL,NULL,NULL,NULL,NULL,NULL,Mettawa             ,X,Mortgage            ,Deed                ,City of {{TWNCTYOF}} Stamps   ,           ,           ,1000 ,       ,5.000000  ,S,U,G  ,   ,NULL,NULL
136000,Lake,X,Lake County Recorder,4,39.00,NULL,NULL,NULL,NULL,1.00,4,39.00,NULL,NULL,NULL,NULL,1.00,4,39.00,NULL,NULL,NULL,NULL,1.00,NULL,NULL,NULL,NULL,NULL,NULL,NULL,500,NULL,NULL,0.25000,S,U,NULL,NULL,NULL,NULL,NULL,NULL,North Chicago       ,X,Mortgage            ,Deed                ,City of {{TWNCTYOF}} Stamps   ,           ,           ,1000 ,       ,5.000000  ,S,U,G  ,   ,NULL,NULL
138000,Lawrence,X,Lawrence County Recorder,4,45.00,NULL,NULL,NULL,NULL,1.00,4,45.00,NULL,NULL,NULL,NULL,1.00,4,45.00,NULL,NULL,NULL,NULL,1.00,NULL,NULL,NULL,NULL,NULL,NULL,NULL,500,NULL,NULL,0.25000,S,U,NULL,NULL,NULL,NULL,NULL,NULL,NULL,X,Mortgage            ,Deed                ,NULL,NULL,NULL,NULL,NULL,NULL,NULL,NULL,NULL,NULL,NULL,NULL
139000,Lee,X,Lee County Recorder,4,61.00,NULL,NULL,NULL,NULL,1.00,4,61.00,NULL,NULL,NULL,NULL,1.00,4,61.00,NULL,NULL,NULL,NULL,1.00,NULL,NULL,NULL,NULL,NULL,NULL,NULL,500,NULL,NULL,0.25000,S,U,NULL,NULL,NULL,NULL,NULL,NULL,NULL,X,Mortgage            ,Deed                ,NULL,NULL,NULL,NULL,NULL,NULL,NULL,NULL,NULL,NULL,NULL,NULL
140000,Livingston,X,Livingston County Recorder,4,35.00,NULL,NULL,NULL,NULL,1.00,4,35.00,NULL,NULL,NULL,NULL,1.00,4,35.00,NULL,NULL,NULL,NULL,1.00,NULL,NULL,NULL,NULL,NULL,NULL,NULL,500,NULL,NULL,0.25000,S,U,NULL,NULL,NULL,NULL,NULL,NULL,NULL,X,Mortgage            ,Deed                ,NULL,NULL,NULL,NULL,NULL,NULL,NULL,NULL,NULL,NULL,NULL,NULL
141000,Logan,X,Logan County Recorder,4,46.00,NULL,NULL,NULL,NULL,1.00,4,46.00,NULL,NULL,NULL,NULL,1.00,4,46.00,NULL,NULL,NULL,NULL,1.00,NULL,NULL,NULL,NULL,NULL,NULL,NULL,500,NULL,NULL,0.25000,S,U,NULL,NULL,NULL,NULL,NULL,NULL,NULL,X,Mortgage            ,Deed                ,NULL,NULL,NULL,NULL,NULL,NULL,NULL,NULL,NULL,NULL,NULL,NULL
142000,Macon,X,Macon County Recorder,4,40.00,NULL,NULL,NULL,NULL,1.00,4,40.00,NULL,NULL,NULL,NULL,1.00,4,40.00,NULL,NULL,NULL,NULL,1.00,NULL,NULL,NULL,NULL,NULL,NULL,NULL,500,NULL,NULL,0.25000,S,U,NULL,NULL,NULL,NULL,NULL,NULL,NULL,X,Mortgage            ,Deed                ,NULL,NULL,NULL,NULL,NULL,NULL,NULL,NULL,NULL,NULL,NULL,NULL
143000,Macoupin,X,Macoupin County Recorder,4,55.00,NULL,NULL,NULL,NULL,1.00,4,55.00,NULL,NULL,NULL,NULL,1.00,4,55.00,NULL,NULL,NULL,NULL,1.00,NULL,NULL,NULL,NULL,NULL,NULL,NULL,500,NULL,NULL,0.25000,S,U,NULL,NULL,NULL,NULL,NULL,NULL,NULL,X,Mortgage            ,Deed                ,NULL,NULL,NULL,NULL,NULL,NULL,NULL,NULL,NULL,NULL,NULL,NULL
144000,Madison,X,Madison County Recorder,4,35.00,NULL,NULL,NULL,NULL,1.00,4,35.00,NULL,NULL,NULL,NULL,1.00,4,35.00,NULL,NULL,NULL,NULL,1.00,NULL,NULL,NULL,NULL,NULL,NULL,NULL,500,NULL,NULL,0.25000,S,U,NULL,NULL,NULL,NULL,NULL,NULL,NULL,X,Mortgage            ,Deed                ,NULL,NULL,NULL,NULL,NULL,NULL,NULL,NULL,NULL,NULL,NULL,NULL
145000,Marion,X,Marion County Recorder,4,40.00,NULL,NULL,NULL,NULL,1.00,4,40.00,NULL,NULL,NULL,NULL,1.00,4,40.00,NULL,NULL,NULL,NULL,1.00,NULL,NULL,NULL,NULL,NULL,NULL,NULL,500,NULL,NULL,0.25000,S,U,NULL,NULL,NULL,NULL,NULL,NULL,NULL,X,Mortgage            ,Deed                ,NULL,NULL,NULL,NULL,NULL,NULL,NULL,NULL,NULL,NULL,NULL,NULL
146000,Marshall,X,Marshall County Recorder,4,42.00,NULL,NULL,NULL,NULL,1.00,4,42.00,NULL,NULL,NULL,NULL,1.00,4,42.00,NULL,NULL,NULL,NULL,1.00,NULL,NULL,NULL,NULL,NULL,NULL,NULL,500,NULL,NULL,0.25000,S,U,NULL,NULL,NULL,NULL,NULL,NULL,NULL,X,Mortgage            ,Deed                ,NULL,NULL,NULL,NULL,NULL,NULL,NULL,NULL,NULL,NULL,NULL,NULL
147000,Mason,X,Mason County Recorder,4,55.00,NULL,NULL,NULL,NULL,1.00,4,55.00,NULL,NULL,NULL,NULL,1.00,4,55.00,NULL,NULL,NULL,NULL,1.00,NULL,NULL,NULL,NULL,NULL,NULL,NULL,500,NULL,NULL,0.25000,S,U,NULL,NULL,NULL,NULL,NULL,NULL,NULL,X,Mortgage            ,Deed                ,NULL,NULL,NULL,NULL,NULL,NULL,NULL,NULL,NULL,NULL,NULL,NULL
148000,Massac,X,Massac County Recorder,4,36.00,NULL,NULL,NULL,NULL,1.00,4,36.00,NULL,NULL,NULL,NULL,1.00,4,36.00,NULL,NULL,NULL,NULL,1.00,NULL,NULL,NULL,NULL,NULL,NULL,NULL,500,NULL,NULL,0.25000,S,U,NULL,NULL,NULL,NULL,NULL,NULL,NULL,X,Mortgage            ,Deed                ,NULL,NULL,NULL,NULL,NULL,NULL,NULL,NULL,NULL,NULL,NULL,NULL
149000,McDonough,X,McLean County Recorder,4,31.00,NULL,NULL,NULL,NULL,1.00,4,31.00,NULL,NULL,NULL,NULL,1.00,4,31.00,NULL,NULL,NULL,NULL,1.00,NULL,NULL,NULL,NULL,NULL,NULL,NULL,500,NULL,NULL,0.25000,S,U,NULL,NULL,NULL,NULL,NULL,NULL,NULL,X,Mortgage            ,Deed                ,NULL,NULL,NULL,NULL,NULL,NULL,NULL,NULL,NULL,NULL,NULL,NULL
150000,McHenry,X,McHenry County Recorder,4,50.00,NULL,NULL,NULL,NULL,1.00,4,50.00,NULL,NULL,NULL,NULL,1.00,4,50.00,NULL,NULL,NULL,NULL,1.00,NULL,NULL,NULL,NULL,NULL,NULL,NULL,500,NULL,NULL,0.25000,S,U,NULL,NULL,NULL,NULL,NULL,NULL,NULL,X,Mortgage            ,Deed                ,NULL,NULL,NULL,NULL,NULL,NULL,NULL,NULL,NULL,NULL,NULL,NULL
151000,McLean,X,Menard County Recorder,4,45.00,NULL,NULL,NULL,NULL,1.00,4,45.00,NULL,NULL,NULL,NULL,1.00,4,45.00,NULL,NULL,NULL,NULL,1.00,NULL,NULL,NULL,NULL,NULL,NULL,NULL,500,NULL,NULL,0.25000,S,U,NULL,NULL,NULL,NULL,NULL,NULL,NULL,X,Mortgage            ,Deed                ,NULL,NULL,NULL,NULL,NULL,NULL,NULL,NULL,NULL,NULL,NULL,NULL
152000,Menard,X,Mercer County Recorder,4,40.00,NULL,NULL,NULL,NULL,1.00,4,40.00,NULL,NULL,NULL,NULL,1.00,4,40.00,NULL,NULL,NULL,NULL,1.00,NULL,NULL,NULL,NULL,NULL,NULL,NULL,500,NULL,NULL,0.25000,S,U,NULL,NULL,NULL,NULL,NULL,NULL,NULL,X,Mortgage            ,Deed                ,NULL,NULL,NULL,NULL,NULL,NULL,NULL,NULL,NULL,NULL,NULL,NULL
153000,Mercer,X,McDonough County Recorder,4,42.00,NULL,NULL,NULL,NULL,1.00,4,42.00,NULL,NULL,NULL,NULL,1.00,4,42.00,NULL,NULL,NULL,NULL,1.00,NULL,NULL,NULL,NULL,NULL,NULL,NULL,500,NULL,NULL,0.25000,S,U,NULL,NULL,NULL,NULL,NULL,NULL,NULL,X,Mortgage            ,Deed                ,NULL,NULL,NULL,NULL,NULL,NULL,NULL,NULL,NULL,NULL,NULL,NULL
154000,Monroe,X,Monroe County Recorder,4,36.00,NULL,NULL,NULL,NULL,1.00,4,36.00,NULL,NULL,NULL,NULL,1.00,4,36.00,NULL,NULL,NULL,NULL,1.00,NULL,NULL,NULL,NULL,NULL,NULL,NULL,500,NULL,NULL,0.25000,S,U,NULL,NULL,NULL,NULL,NULL,NULL,NULL,X,Mortgage            ,Deed                ,NULL,NULL,NULL,NULL,NULL,NULL,NULL,NULL,NULL,NULL,NULL,NULL
155000,Montgomery,X,Montgomery County Recorder,4,39.00,NULL,NULL,NULL,NULL,1.00,4,39.00,NULL,NULL,NULL,NULL,1.00,4,39.00,NULL,NULL,NULL,NULL,1.00,NULL,NULL,NULL,NULL,NULL,NULL,NULL,500,NULL,NULL,0.25000,S,U,NULL,NULL,NULL,NULL,NULL,NULL,NULL,X,Mortgage            ,Deed                ,NULL,NULL,NULL,NULL,NULL,NULL,NULL,NULL,NULL,NULL,NULL,NULL
156000,Morgan,X,Morgan County Recorder,4,50.00,NULL,NULL,NULL,NULL,1.00,4,50.00,NULL,NULL,NULL,NULL,1.00,4,50.00,NULL,NULL,NULL,NULL,1.00,NULL,NULL,NULL,NULL,NULL,NULL,NULL,500,NULL,NULL,0.25000,S,U,NULL,NULL,NULL,NULL,NULL,NULL,NULL,X,Mortgage            ,Deed                ,NULL,NULL,NULL,NULL,NULL,NULL,NULL,NULL,NULL,NULL,NULL,NULL
157000,Moultrie,X,Moultrie County Recorder,4,47.00,NULL,NULL,NULL,NULL,1.00,4,47.00,NULL,NULL,NULL,NULL,1.00,4,47.00,NULL,NULL,NULL,NULL,1.00,NULL,NULL,NULL,NULL,NULL,NULL,NULL,500,NULL,NULL,0.25000,S,U,NULL,NULL,NULL,NULL,NULL,NULL,NULL,X,Mortgage            ,Deed                ,NULL,NULL,NULL,NULL,NULL,NULL,NULL,NULL,NULL,NULL,NULL,NULL
158000,Ogle,X,Ogle County Recorder,4,40.50,NULL,NULL,NULL,NULL,1.00,4,40.50,NULL,NULL,NULL,NULL,1.00,4,40.50,NULL,NULL,NULL,NULL,1.00,NULL,NULL,NULL,NULL,NULL,NULL,NULL,500,NULL,NULL,0.25000,S,U,NULL,NULL,NULL,NULL,NULL,NULL,NULL,X,Mortgage            ,Deed                ,NULL,NULL,NULL,NULL,NULL,NULL,NULL,NULL,NULL,NULL,NULL,NULL
158500,Peoria,X,Peoria County Recorder,4,39.00,NULL,NULL,NULL,NULL,1.00,4,39.00,NULL,NULL,NULL,NULL,1.00,4,39.00,NULL,NULL,NULL,NULL,1.00,NULL,NULL,NULL,NULL,NULL,NULL,NULL,500,NULL,NULL,0.25000,S,U,NULL,NULL,NULL,NULL,NULL,NULL,NULL,X,Mortgage            ,Deed                ,NULL,NULL,NULL,NULL,NULL,NULL,NULL,NULL,NULL,NULL,NULL,NULL
159000,Peoria,X,Peoria County Recorder,4,39.00,NULL,NULL,NULL,NULL,1.00,4,39.00,NULL,NULL,NULL,NULL,1.00,4,39.00,NULL,NULL,NULL,NULL,1.00,NULL,NULL,NULL,NULL,NULL,NULL,NULL,500,NULL,NULL,0.25000,S,U,NULL,NULL,NULL,NULL,NULL,NULL,Peoria              ,X,Mortgage            ,Deed                ,NULL,NULL,NULL,NULL,NULL,NULL,NULL,NULL,NULL,NULL,NULL,NULL
161000,Perry,X,Perry County Recorder,4,38.00,NULL,NULL,NULL,NULL,1.00,4,38.00,NULL,NULL,NULL,NULL,1.00,4,38.00,NULL,NULL,NULL,NULL,1.00,NULL,NULL,NULL,NULL,NULL,NULL,NULL,500,NULL,NULL,0.25000,S,U,NULL,NULL,NULL,NULL,NULL,NULL,NULL,X,Mortgage            ,Deed                ,NULL,NULL,NULL,NULL,NULL,NULL,NULL,NULL,NULL,NULL,NULL,NULL
162000,Piatt,X,Piatt County Recorder,4,37.50,NULL,NULL,NULL,NULL,1.00,4,37.50,NULL,NULL,NULL,NULL,1.00,4,37.50,NULL,NULL,NULL,NULL,1.00,NULL,NULL,NULL,NULL,NULL,NULL,NULL,500,NULL,NULL,0.25000,S,U,NULL,NULL,NULL,NULL,NULL,NULL,NULL,X,Mortgage            ,Deed                ,NULL,NULL,NULL,NULL,NULL,NULL,NULL,NULL,NULL,NULL,NULL,NULL
163000,Pike,X,Pike  County Recorder,4,45.00,NULL,NULL,NULL,NULL,1.00,4,45.00,NULL,NULL,NULL,NULL,1.00,4,45.00,NULL,NULL,NULL,NULL,1.00,NULL,NULL,NULL,NULL,NULL,NULL,NULL,500,NULL,NULL,0.25000,S,U,NULL,NULL,NULL,NULL,NULL,NULL,NULL,X,Mortgage            ,Deed                ,NULL,NULL,NULL,NULL,NULL,NULL,NULL,NULL,NULL,NULL,NULL,NULL
164000,Pope,X,Pope  County Recorder,4,38.00,NULL,NULL,NULL,NULL,1.00,4,38.00,NULL,NULL,NULL,NULL,1.00,4,38.00,NULL,NULL,NULL,NULL,1.00,NULL,NULL,NULL,NULL,NULL,NULL,NULL,500,NULL,NULL,0.25000,S,U,NULL,NULL,NULL,NULL,NULL,NULL,NULL,X,Mortgage            ,Deed                ,NULL,NULL,NULL,NULL,NULL,NULL,NULL,NULL,NULL,NULL,NULL,NULL
165000,Pulaski,X,Pulaski  County Recorder,4,40.00,NULL,NULL,NULL,NULL,1.00,4,40.00,NULL,NULL,NULL,NULL,1.00,4,40.00,NULL,NULL,NULL,NULL,1.00,NULL,NULL,NULL,NULL,NULL,NULL,NULL,500,NULL,NULL,0.25000,S,U,NULL,NULL,NULL,NULL,NULL,NULL,NULL,X,Mortgage            ,Deed                ,NULL,NULL,NULL,NULL,NULL,NULL,NULL,NULL,NULL,NULL,NULL,NULL
166000,Putnam,X,Putnam County Recorder,4,37.00,NULL,NULL,NULL,NULL,1.00,4,37.00,NULL,NULL,NULL,NULL,1.00,4,37.00,NULL,NULL,NULL,NULL,1.00,NULL,NULL,NULL,NULL,NULL,NULL,NULL,500,NULL,NULL,0.25000,S,U,NULL,NULL,NULL,NULL,NULL,NULL,NULL,X,Mortgage            ,Deed                ,NULL,NULL,NULL,NULL,NULL,NULL,NULL,NULL,NULL,NULL,NULL,NULL
167000,Randolph,X,Randolph County Recorder,4,36.00,NULL,NULL,NULL,NULL,1.00,4,36.00,NULL,NULL,NULL,NULL,1.00,4,36.00,NULL,NULL,NULL,NULL,1.00,NULL,NULL,NULL,NULL,NULL,NULL,NULL,500,NULL,NULL,0.25000,S,U,NULL,NULL,NULL,NULL,NULL,NULL,NULL,X,Mortgage            ,Deed                ,NULL,NULL,NULL,NULL,NULL,NULL,NULL,NULL,NULL,NULL,NULL,NULL
168000,Richland,X,Richland County Recorder,4,50.00,NULL,NULL,NULL,NULL,1.00,4,50.00,NULL,NULL,NULL,NULL,1.00,4,50.00,NULL,NULL,NULL,NULL,1.00,NULL,NULL,NULL,NULL,NULL,NULL,NULL,500,NULL,NULL,0.25000,S,U,NULL,NULL,NULL,NULL,NULL,NULL,NULL,X,Mortgage            ,Deed                ,NULL,NULL,NULL,NULL,NULL,NULL,NULL,NULL,NULL,NULL,NULL,NULL
169000,Rock Island,X,Rock Island  County Recorder,4,42.50,NULL,NULL,NULL,NULL,1.00,4,42.50,NULL,NULL,NULL,NULL,1.00,4,42.50,NULL,NULL,NULL,NULL,1.00,NULL,NULL,NULL,NULL,NULL,NULL,NULL,500,NULL,NULL,0.25000,S,U,NULL,NULL,NULL,NULL,NULL,NULL,NULL,X,Mortgage            ,Deed                ,NULL,NULL,NULL,NULL,NULL,NULL,NULL,NULL,NULL,NULL,NULL,NULL
170000,Saline,X,Saline County Recorder,4,41.00,NULL,NULL,NULL,NULL,1.00,4,41.00,NULL,NULL,NULL,NULL,1.00,4,41.00,NULL,NULL,NULL,NULL,1.00,NULL,NULL,NULL,NULL,NULL,NULL,NULL,500,NULL,NULL,0.25000,S,U,NULL,NULL,NULL,NULL,NULL,NULL,NULL,X,Mortgage            ,Deed                ,NULL,NULL,NULL,NULL,NULL,NULL,NULL,NULL,NULL,NULL,NULL,NULL
171000,Sangamon,X,Sangamon County Recorder,4,39.00,NULL,NULL,NULL,NULL,1.00,4,39.00,NULL,NULL,NULL,NULL,1.00,4,39.00,NULL,NULL,NULL,NULL,1.00,NULL,NULL,NULL,NULL,NULL,NULL,NULL,500,NULL,NULL,0.25000,S,U,NULL,NULL,NULL,NULL,NULL,NULL,NULL,X,Mortgage            ,Deed                ,NULL,NULL,NULL,NULL,NULL,NULL,NULL,NULL,NULL,NULL,NULL,NULL
172000,Schuyler,X,Schuyler County Recorder,4,41.00,NULL,NULL,NULL,NULL,1.00,4,41.00,NULL,NULL,NULL,NULL,1.00,4,41.00,NULL,NULL,NULL,NULL,1.00,NULL,NULL,NULL,NULL,NULL,NULL,NULL,500,NULL,NULL,0.25000,S,U,NULL,NULL,NULL,NULL,NULL,NULL,NULL,X,Mortgage            ,Deed                ,NULL,NULL,NULL,NULL,NULL,NULL,NULL,NULL,NULL,NULL,NULL,NULL
173000,Scott,X,Scott  County Recorder,4,55.00,NULL,NULL,NULL,NULL,1.00,4,55.00,NULL,NULL,NULL,NULL,1.00,4,55.00,NULL,NULL,NULL,NULL,1.00,NULL,NULL,NULL,NULL,NULL,NULL,NULL,500,NULL,NULL,0.25000,S,U,NULL,NULL,NULL,NULL,NULL,NULL,NULL,X,Mortgage            ,Deed                ,NULL,NULL,NULL,NULL,NULL,NULL,NULL,NULL,NULL,NULL,NULL,NULL
174000,Shelby,X,Shelby County Recorder,4,36.00,NULL,NULL,NULL,NULL,1.00,4,36.00,NULL,NULL,NULL,NULL,1.00,4,36.00,NULL,NULL,NULL,NULL,1.00,NULL,NULL,NULL,NULL,NULL,NULL,NULL,500,NULL,NULL,0.25000,S,U,NULL,NULL,NULL,NULL,NULL,NULL,NULL,X,Mortgage            ,Deed                ,NULL,NULL,NULL,NULL,NULL,NULL,NULL,NULL,NULL,NULL,NULL,NULL
175000,St. Clair,X,St. Clair  County Recorder,4,30.00,NULL,NULL,NULL,NULL,1.00,4,30.00,NULL,NULL,NULL,NULL,1.00,4,30.00,NULL,NULL,NULL,NULL,1.00,NULL,NULL,NULL,NULL,NULL,NULL,NULL,500,NULL,NULL,0.25000,S,U,NULL,NULL,NULL,NULL,NULL,NULL,NULL,X,Mortgage            ,Deed                ,NULL,NULL,NULL,NULL,NULL,NULL,NULL,NULL,NULL,NULL,NULL,NULL
176000,Stark,X,Stark   County Recorder,4,46.00,NULL,NULL,NULL,NULL,1.00,4,46.00,NULL,NULL,NULL,NULL,1.00,4,46.00,NULL,NULL,NULL,NULL,1.00,NULL,NULL,NULL,NULL,NULL,NULL,NULL,500,NULL,NULL,0.25000,S,U,NULL,NULL,NULL,NULL,NULL,NULL,NULL,X,Mortgage            ,Deed                ,NULL,NULL,NULL,NULL,NULL,NULL,NULL,NULL,NULL,NULL,NULL,NULL
177000,Stephenson,X,Stephenson  County Recorder,4,50.00,NULL,NULL,NULL,NULL,1.00,4,50.00,NULL,NULL,NULL,NULL,1.00,4,50.00,NULL,NULL,NULL,NULL,1.00,NULL,NULL,NULL,NULL,NULL,NULL,NULL,500,NULL,NULL,0.25000,S,U,NULL,NULL,NULL,NULL,NULL,NULL,NULL,X,Mortgage            ,Deed                ,NULL,NULL,NULL,NULL,NULL,NULL,NULL,NULL,NULL,NULL,NULL,NULL
178000,Tazewell,X,Tazewell County Recorder,4,35.75,NULL,NULL,NULL,NULL,1.00,4,35.75,NULL,NULL,NULL,NULL,1.00,4,35.75,NULL,NULL,NULL,NULL,1.00,NULL,NULL,NULL,NULL,NULL,NULL,NULL,500,NULL,NULL,0.25000,S,U,NULL,NULL,NULL,NULL,NULL,NULL,NULL,X,Mortgage            ,Deed                ,NULL,NULL,NULL,NULL,NULL,NULL,NULL,NULL,NULL,NULL,NULL,NULL
179000,Union,X,Union County Recorder,4,40.00,NULL,NULL,NULL,NULL,1.00,4,40.00,NULL,NULL,NULL,NULL,1.00,4,40.00,NULL,NULL,NULL,NULL,1.00,NULL,NULL,NULL,NULL,NULL,NULL,NULL,500,NULL,NULL,0.25000,S,U,NULL,NULL,NULL,NULL,NULL,NULL,NULL,X,Mortgage            ,Deed                ,NULL,NULL,NULL,NULL,NULL,NULL,NULL,NULL,NULL,NULL,NULL,NULL
180000,Vermilion,X,Vermilion County Recorder,4,40.00,NULL,NULL,NULL,NULL,1.00,4,40.00,NULL,NULL,NULL,NULL,1.00,4,40.00,NULL,NULL,NULL,NULL,1.00,NULL,NULL,NULL,NULL,NULL,NULL,NULL,500,NULL,NULL,0.25000,S,U,NULL,NULL,NULL,NULL,NULL,NULL,NULL,X,Mortgage            ,Deed                ,NULL,NULL,NULL,NULL,NULL,NULL,NULL,NULL,NULL,NULL,NULL,NULL
181000,Wabash,X,Wabash County Recorder,4,40.00,NULL,NULL,NULL,NULL,1.00,4,40.00,NULL,NULL,NULL,NULL,1.00,4,40.00,NULL,NULL,NULL,NULL,1.00,NULL,NULL,NULL,NULL,NULL,NULL,NULL,500,NULL,NULL,0.25000,S,U,NULL,NULL,NULL,NULL,NULL,NULL,NULL,X,Mortgage            ,Deed                ,NULL,NULL,NULL,NULL,NULL,NULL,NULL,NULL,NULL,NULL,NULL,NULL
182000,Warren,X,Warren County Recorder,4,38.00,NULL,NULL,NULL,NULL,1.00,4,38.00,NULL,NULL,NULL,NULL,1.00,4,38.00,NULL,NULL,NULL,NULL,1.00,NULL,NULL,NULL,NULL,NULL,NULL,NULL,500,NULL,NULL,0.25000,S,U,NULL,NULL,NULL,NULL,NULL,NULL,NULL,X,Mortgage            ,Deed                ,NULL,NULL,NULL,NULL,NULL,NULL,NULL,NULL,NULL,NULL,NULL,NULL
183000,Washington,X,Washington County Recorder,4,35.00,NULL,NULL,NULL,NULL,1.00,4,35.00,NULL,NULL,NULL,NULL,1.00,4,35.00,NULL,NULL,NULL,NULL,1.00,NULL,NULL,NULL,NULL,NULL,NULL,NULL,500,NULL,NULL,0.25000,S,U,NULL,NULL,NULL,NULL,NULL,NULL,NULL,X,Mortgage            ,Deed                ,NULL,NULL,NULL,NULL,NULL,NULL,NULL,NULL,NULL,NULL,NULL,NULL
184000,Wayne,X,Wayne County Recorder,4,35.00,NULL,NULL,NULL,NULL,1.00,4,35.00,NULL,NULL,NULL,NULL,1.00,4,35.00,NULL,NULL,NULL,NULL,1.00,NULL,NULL,NULL,NULL,NULL,NULL,NULL,500,NULL,NULL,0.25000,S,U,NULL,NULL,NULL,NULL,NULL,NULL,NULL,X,Mortgage            ,Deed                ,NULL,NULL,NULL,NULL,NULL,NULL,NULL,NULL,NULL,NULL,NULL,NULL
185000,White,X,White County Recorder,4,38.00,NULL,NULL,NULL,NULL,1.00,4,38.00,NULL,NULL,NULL,NULL,1.00,4,38.00,NULL,NULL,NULL,NULL,1.00,NULL,NULL,NULL,NULL,NULL,NULL,NULL,500,NULL,NULL,0.25000,S,U,NULL,NULL,NULL,NULL,NULL,NULL,NULL,X,Mortgage            ,Deed                ,NULL,NULL,NULL,NULL,NULL,NULL,NULL,NULL,NULL,NULL,NULL,NULL
186000,Whiteside,X,Whiteside County Recorder,4,35.00,NULL,NULL,NULL,NULL,1.00,4,35.00,NULL,NULL,NULL,NULL,1.00,4,35.00,NULL,NULL,NULL,NULL,1.00,NULL,NULL,NULL,NULL,NULL,NULL,NULL,500,NULL,NULL,0.25000,S,U,NULL,NULL,NULL,NULL,NULL,NULL,NULL,X,Mortgage            ,Deed                ,NULL,NULL,NULL,NULL,NULL,NULL,NULL,NULL,NULL,NULL,NULL,NULL
186500,Will,X,Will County Recorder,4,34.75,NULL,NULL,NULL,NULL,1.00,4,34.75,NULL,NULL,NULL,NULL,1.00,4,34.75,NULL,NULL,NULL,NULL,1.00,NULL,NULL,NULL,NULL,NULL,NULL,NULL,500,NULL,NULL,0.25000,S,U,NULL,NULL,NULL,NULL,NULL,NULL,NULL,X,Mortgage            ,Deed                ,NULL,NULL,NULL,NULL,NULL,NULL,NULL,NULL,NULL,NULL,NULL,NULL
187000,Will,X,Will County Recorder,4,34.75,NULL,NULL,NULL,NULL,1.00,4,34.75,NULL,NULL,NULL,NULL,1.00,4,34.75,NULL,NULL,NULL,NULL,1.00,NULL,NULL,NULL,NULL,NULL,NULL,NULL,500,NULL,NULL,0.25000,S,U,NULL,NULL,NULL,NULL,NULL,NULL,Aurora              ,X,Mortgage            ,Deed                ,City of {{TWNCTYOF}} Stamps   ,NULL,NULL,1000 ,NULL,3.000000  ,S,U,G  ,100,NULL,NULL
188000,Will,X,Will County Recorder,4,34.75,NULL,NULL,NULL,NULL,1.00,4,34.75,NULL,NULL,NULL,NULL,1.00,4,34.75,NULL,NULL,NULL,NULL,1.00,NULL,NULL,NULL,NULL,NULL,NULL,NULL,500,NULL,NULL,0.25000,S,U,NULL,NULL,NULL,NULL,NULL,NULL,Bolingbrook         ,X,Mortgage            ,Deed                ,City of {{TWNCTYOF}} Stamps   ,           ,           ,500  ,       ,3.750000  ,S,U,G  ,50 ,NULL,NULL
189000,Will,X,Will County Recorder,4,34.75,NULL,NULL,NULL,NULL,1.00,4,34.75,NULL,NULL,NULL,NULL,1.00,4,34.75,NULL,NULL,NULL,NULL,1.00,NULL,NULL,NULL,NULL,NULL,NULL,NULL,500,NULL,NULL,0.25000,S,U,NULL,NULL,NULL,NULL,NULL,NULL,Channahon           ,X,Mortgage            ,Deed                ,City of {{TWNCTYOF}} Stamps   ,           ,           ,1000 ,       ,3.000000  ,S,U,G  ,   ,NULL,NULL
190000,Will,X,Will County Recorder,4,34.75,NULL,NULL,NULL,NULL,1.00,4,34.75,NULL,NULL,NULL,NULL,1.00,4,34.75,NULL,NULL,NULL,NULL,1.00,NULL,NULL,NULL,NULL,NULL,NULL,NULL,500,NULL,NULL,0.25000,S,U,NULL,NULL,NULL,NULL,NULL,NULL,Joliet              ,X,Mortgage            ,Deed                ,City of {{TWNCTYOF}} Stamps   ,           ,           ,1000 ,       ,3.000000  ,S,U,G  ,100,NULL,NULL
191000,Will,X,Will County Recorder,4,34.75,NULL,NULL,NULL,NULL,1.00,4,34.75,NULL,NULL,NULL,NULL,1.00,4,34.75,NULL,NULL,NULL,NULL,1.00,NULL,NULL,NULL,NULL,NULL,NULL,NULL,500,NULL,NULL,0.25000,S,U,NULL,NULL,NULL,NULL,NULL,NULL,Naperville          ,X,Mortgage            ,Deed                ,City of {{TWNCTYOF}} Stamps   ,           ,           ,500  ,       ,1.500000  ,S,U,G  ,   ,NULL,NULL
192000,Will,X,Will County Recorder,4,34.75,NULL,NULL,NULL,NULL,1.00,4,34.75,NULL,NULL,NULL,NULL,1.00,4,34.75,NULL,NULL,NULL,NULL,1.00,NULL,NULL,NULL,NULL,NULL,NULL,NULL,500,NULL,NULL,0.25000,S,U,NULL,NULL,NULL,NULL,NULL,NULL,Park Forest         ,X,Mortgage            ,Deed                ,City of {{TWNCTYOF}} Stamps   ,           ,           ,1000 ,       ,5.000000  ,S,U,G  ,100,NULL,NULL
193000,Will,X,Will County Recorder,4,34.75,NULL,NULL,NULL,NULL,1.00,4,34.75,NULL,NULL,NULL,NULL,1.00,4,34.75,NULL,NULL,NULL,NULL,1.00,NULL,NULL,NULL,NULL,NULL,NULL,NULL,500,NULL,NULL,0.25000,S,U,NULL,NULL,NULL,NULL,NULL,NULL,Romeoville,         ,X,Mortgage            ,Deed                ,NULL,NULL,NULL,NULL,NULL,NULL,NULL,NULL,NULL,NULL,NULL,NULL
194000,Will,X,Will County Recorder,4,34.75,NULL,NULL,NULL,NULL,1.00,4,34.75,NULL,NULL,NULL,NULL,1.00,4,34.75,NULL,NULL,NULL,NULL,1.00,NULL,NULL,NULL,NULL,NULL,NULL,NULL,500,NULL,NULL,0.25000,S,U,NULL,NULL,NULL,NULL,NULL,NULL,University Park,    ,X,Mortgage            ,Deed                ,NULL,NULL,NULL,NULL,NULL,NULL,NULL,NULL,NULL,NULL,NULL,NULL
195000,Will,X,Will County Recorder,4,34.75,NULL,NULL,NULL,NULL,1.00,4,34.75,NULL,NULL,NULL,NULL,1.00,4,34.75,NULL,NULL,NULL,NULL,1.00,NULL,NULL,NULL,NULL,NULL,NULL,NULL,500,NULL,NULL,0.25000,S,U,NULL,NULL,NULL,NULL,NULL,NULL,Woodridge           ,X,Mortgage            ,Deed                ,City of {{TWNCTYOF}} Stamps   ,           ,           ,1000 ,       ,2.500000  ,S,U,G  ,100,NULL,NULL
197000,Williamson,X,Williamson County Recorder,4,45.00,NULL,NULL,NULL,NULL,1.00,4,45.00,NULL,NULL,NULL,NULL,1.00,4,45.00,NULL,NULL,NULL,NULL,1.00,NULL,NULL,NULL,NULL,NULL,NULL,NULL,500,NULL,NULL,0.25000,S,U,NULL,NULL,NULL,NULL,NULL,NULL,NULL,X,Mortgage            ,Deed                ,NULL,NULL,NULL,NULL,NULL,NULL,NULL,NULL,NULL,NULL,NULL,NULL
198000,Winnebago,X,Winnebago County Recorder,4,35.75,NULL,NULL,NULL,NULL,1.00,4,35.75,NULL,NULL,NULL,NULL,1.00,4,35.75,NULL,NULL,NULL,NULL,1.00,NULL,NULL,NULL,NULL,NULL,NULL,NULL,500,NULL,NULL,0.25000,S,U,NULL,NULL,NULL,NULL,NULL,NULL,NULL,X,Mortgage            ,Deed                ,NULL,NULL,NULL,NULL,NULL,NULL,NULL,NULL,NULL,NULL,NULL,NULL
199000,Woodford,X,Woodford County Recorder,4,38.00,NULL,NULL,NULL,NULL,1.00,4,38.00,NULL,NULL,NULL,NULL,1.00,4,38.00,NULL,NULL,NULL,NULL,1.00,NULL,NULL,NULL,NULL,NULL,NULL,NULL,500,NULL,NULL,0.25000,S,U,NULL,NULL,NULL,NULL,NULL,NULL,NULL,X,Mortgage            ,Deed                ,NULL,NULL,NULL,NULL,NULL,NULL,NULL,NULL,NULL,NULL,NULL,NULL
